13504;AZIENDA;CAB LOG S.R.L.;OPPEANO;VR;ITALIA;VIA MARCO BIAGI 11/13;37050;; a.traino@cab-log.it;;;13-05-2019;;;
140167;AZIENDA;HOMEPAGE SRL;VERONA;VR;ITALIA;VIA CASERMA OSPEDAL VECCHIO 6B;37100;;m.bazzotti@mos80.it;www.mos80.it;;20-05-2019;INFORMATICA;;
2245;AZIENDA;ROSSETTO TRADE SPA;SONA;VR;ITALIA;VIA FRIULI, 5;37060;0456861622;panificio@rossettogroup.it;http://rossettogroup.it/;;18-12-2015;;47.11.20;Supermercati
124466;AZIENDA;TECNOSERVICE SRL;VERONA;VR;ITALIA;VIALE PIAVE 16;37100;0458009926;risorse@tenoservicesrl.info;www.tecnoservicesrl.info;104;27-12-2018;;52.29.1;Spedizionieri e agenzie di operazioni doganali
15940;AZIENDA;AUTOTRASPORTI CTV VERONA S.R.L.;ZEVIO;VR;ITALIA;VIA CARDUCCI 4A;37059;0458738818;amministrazione@ctvtrasporti.it;www.ctvtrasporti.it;;;;;
59353;AZIENDA;AMIA - AZIENDA MULTISERVIZI DI IGIENE AMBIENTALE DI VERONA;VERONA;VR;ITALIA;VIA BARTOLOMEO AVESANI 31;37135;0458063459;amia.verona@amiavr.it;www.amiavr.it;600;;;38.21.09;Trattamento e smaltimento di altri rifiuti non pericolosi
53045;AZIENDA;UNIMEC SRL;SAN MARTINO BUON ALBERGO;VR;ITALIA;VIA MEUCCI 25;37036;0458780620;unimec@unimecsrl.eu;;10;07-05-2019;;28.29.99;Fabbricazione di altro materiale meccanico e di altre macchine di impiego generale nca
1945;AZIENDA;HYPHEN - ITALIA S.R.L.;VERONA;VR;ITALIA;VIA MARCONI, 14;37035;0456203200;saraceno.a@hypen-italia.com;;;;INFORMATICA;;
114045;AZIENDA;AGRILAND 24 SRL;ALA;TN;ITALIA;CORSO PASSO BUOLE 5/A;38061;;info@agriland24.com;;2;27-05-2019;INFORMATICA;47.91.9;
60399;AZIENDA;CASAESPORT DI LAURA BELTRAME;VERONA;VR;ITALIA;VIA GALILEI,8;37138;0452226408;info@casaesport.it;www.casaesport.it;1;;;47.59.99;Commercio al dettaglio di altri articoli per uso domestico nca
37198;AZIENDA;ARCESE TRASPORTI SPA;ARCO;TN;ITALIA;VIA ALDO MORO 95;38062;0454573216;recruiting@arcese.com;;919;23-05-2019;;49.41.00;Trasporto di merci su strada
61688;AZIENDA;TMB SRL;SAN GIOVANNI LUPATOTO;VR;ITALIA;VIA CA'NOVA ZAMPIERI ,5;37057;0458774299;tmb@tmbvac.it;www.tmbvacuum.com;27;10-05-2019;LOGISTICA;28.29.99;Fabbricazione di altro materiale meccanico e di altre macchine di impiego generale nca
131939;AZIENDA;BLUE MILK SRL;VILLAFRANCA DI VERONA;VR;ITALIA;STAFFALI 11E;37069;0457150116;andrea@bluemilk.it;;;20-05-2019;INFORMATICA;;
113657;AZIENDA;NST AUTOMATION SRLS;VERONA;VR;ITALIA;STRADA DELL'ALPO  7;37100;0458203319;nst@nstautomation.it;;13;18-05-2019;ELETTRONICA;43.21.02;Installazione di impianti elettronici (inclusa manutenzione e riparazione)
110936;AZIENDA;OFFICINA CAILOTTO SRL;VERONA;VR;ITALIA;VIA SOMMACAMPAGNA 59;37100;0458624211;tiziano.martinelli@officinecailotto.it;;78;23-05-2019;COSTRUZIONE DEL MEZZO;;
1265;AZIENDA;INTESYS  S.R.L.;VERONA;VR;ITALIA;VIA ROVEGGIA, 3;37136;0458205513;alessandro.cortiana@intesys.it;ww.intesys.it;;27-05-2019;;62.09;Altre attivit� dei servizi connessi alle tecnologie dell'informatica
112160;AZIENDA;4 SERVICE SOLUTION SRL;AFFI;VR;ITALIA;VIA GIOVANNI PASCOLI 4;37010;0452050220;amministrazione@4servicesolution.it;www.4servicesolution.it;9;16-05-2019;INFORMATICA;62.01;Produzione di software non connesso all'edizione
39064;ASSOCIAZIONE;ASSOCIAZIONE VERONA FABLAB;GREZZANA;VR;ITALIA;VIALE DEL LAVORO,2;37023;3440458663;scuola@veronafablab.it;www.veronafablab.it;3;08-01-2019;;94.99.20;Attivit� di organizzazioni che perseguono fini culturali, ricreativi e la coltivazione di hobby
15438;AZIENDA;C.L. TECH SRL;SAN GIOVANNI LUPATOTO;VR;ITALIA;PIAZZA CARLO ZINELLI 1;37057;0458766758;info@cltechtrade.com;;;;;;
28824;AZIENDA;C.L.TECH SRL;SAN GIOVANNI LUPATOTO;VR;ITALIA;VIS SCHIAPPARELLI,7;37057;0458766750;info@cltechsrl.it;www.cltechsrl.it;5;24-05-2019;;;
141258;AZIENDA;ROBIT SAS DI BOVO MAURIZIO & C.;VERONA;VR;ITALIA;VIA ANTONIO MILANI 18;37100;;robit@robit.com;www.robit.com;;27-05-2019;INFORMATICA;;
137865;AZIENDA;FAIRMAT SRL;VERONA;VR;ITALIA;STRADONE SAN FERMO ,21;37100;0458012030;amministrazione@fairmat.com;www.fairmat.it ;17;06-05-2019;INFORMATICA;70.2;ATTIVIT� DI CONSULENZA GESTIONALE
1929;AZIENDA;DELTA ERRE SAFE S.R.L.;SAN GIOVANNI LUPATOTO;VR;ITALIA;VIA TICINO, 9A/9B;37057;0459251754;ongaro@deltaerresafe.it;;14;;;263021;
44048;AZIENDA;PEROZENI SRL;BOSCO CHIESANUOVA;VR;ITALIA;VIA LORENZI 44;37021;0457050735;personale1@perozeni.it;www.perozeni.it;74;07-06-2019;;25.62.00;Lavori di meccanica generale
49378;AZIENDA;MAN TRUCK & BUS ITALIA SPA;DOSSOBUONO DI VILLAFRANCA ;VR;ITALIA;VIA MONTE BALDO;37062;0458299646;elisa.disalvo@man.eu;www.mantrukandbus.it;196;13-05-2019;;45.19.02;Intermediari del commercio di altri autoveicoli (incluse le agenzie di compravendita)
25087;AZIENDA;BPS COMPUTER SRL;SAN GIOVANNI LUPATOTO;VR;ITALIA;PIAZZA UMBERTO I, 47;37057;045549872;stefania@bpscomputer.it;www.bpscomputer.it;;14-05-2019;INFORMATICA;47.41.00;Commercio al dettaglio di computer, unit� periferiche, software e attrezzature per ufficio in eserc
16107;AZIENDA;TH. KOHL S.R.L.;BADIA CALAVENA;VR;ITALIA;VIALE DELL'INDUSTRIA, 37;37030;0456511811; info@thkohl.it;www.thkohl.it;65;;;31.01.21;Fabbricazione di altri mobili metallici per ufficio e negozi
141119;AZIENDA;OLMA DI DUSI RENATO;SAN GIOVANNI LUPATOTO;VR;ITALIA;VIA MONTE CAREGA 22/2;37057;;info@01mavr.it;;;27-05-2019;COSTRUZIONE DEL MEZZO;28.2;FABBRICAZIONE DI ALTRE MACCHINE DI IMPIEGO GENERALE
13549;AZIENDA;VALDOTECH S.A.S.;SAN PIETRO IN CARIANO;VR;ITALIA;VIA GIOVANNI FALCONE,1;37029;0456800068;domenico.zantedeschi@gmail.com;www.valdotech.com;3;20-05-2019;COSTRUZIONE DEL MEZZO;63111 /  74103;
1768;AZIENDA;BEDIGITAL S.R.L.;VERONA;VR;ITALIA;VIA GINO BELTRAMINI 15/A;37124;0458352440;amministrazione@bedigital.it;www.bedigital.it;7;12-04-2018;;62.09.09;Altre attivit� dei servizi connessi alle tecnologie dell'informatica nca
140914;AZIENDA;NEXTFLOW SRLS;BUSSOLENGO;VR;ITALIA;VIA VERONA 22A;37012;;info@nextflow;www.nextflow.it;;27-05-2019;INFORMATICA;46.74.29;Commercio all'ingrosso di articoli in ferro e in altri metalli (ferramenta)
1854;CONSORZIO;ELECTRONIC SERVICE ITALIA S.R.L.;BOVOLONE;VR;ITALIA;VIA DELLA SERENISSIMA, 8/1;37051;0456901425;info@es-i.it;http://www.electronicserviceitalia.it/;;16-05-2019;ELETTRONICA;;
115273;AZIENDA;TECH ASSIST. SRLS;SAN GIOVANNI LUPATOTO;VR;ITALIA;VIA ROMA 49;37057;0452222884;info@tech-assist.it;www.tech-assist.it;2;23-05-2019;ELETTRONICA;95.11;Riparazione di computer e periferiche
55138;AZIENDA;LIBRERIA JOLLY DEL LIBRO DI DE SIGNORI CLAUDIO;VERONA;VR;ITALIA;VIA UMBRIA 22;37100;045572382;info@libreriajolly.it;www.libreriajolly.it;2;03-06-2019;;47.61.00;Commercio al dettaglio di libri nuovi in esercizi specializzati
131951;AZIENDA;START WEB DI MATTEO CANDIO;OPPEANO;VR;ITALIA;VIA G.MAZZINI 5A;37050;3337464084;info@start-web.it;www.start-web.it;;;;62.01;Produzione di software non connesso all'edizione
139101;AZIENDA;RINALDI SIDERURGICA SRL;VILLAFRANCA DI VERONA;VR;ITALIA;VIA SPAGNA 17;37069;0456303131;rinsider@rinaldisiderurgica.it;;15;15-05-2019;;;
45985;AZIENDA;GRUPPO BERTOLASO SPA;ZIMELLA;VR;ITALIA;VIA STAZIONE 760;37040;0442 450111;aruffo@bertolaso.com;www.bertolaso.com;;27-05-2019;;28.93;Fabbricazione di macchine per l'industria alimentare, delle bevande e del tabacco
7208;AZIENDA;CORRADI CARLO CARPENTERIA METALLICA;VERONA;VR;ITALIA;VIA GIUSEPPE SILVESTRI 2;37142;0458802115;carpenteriametallicacorr@tin.it;;3;20-05-2019;;25.11.00;Fabbricazione di strutture metalliche e parti assemblate di strutture
117589;AZIENDA;IDRAULICA CIVILE SRLS;SONA;VR;ITALIA;VIA LIGURIA 47A;37060;045 6084048;;;;28-05-2019;COSTRUZIONE DEL MEZZO;43.22.01;Installazione di impianti idraulici, di riscaldamento e di condizionamento dell'aria (inclusa manute
45958;AZIENDA;ISGROUP SRL;VERONA;VR;ITALIA;VICOLO MIRACOLI,1;37121;0454853232;francesco.ongaro@isgroup.it;www.isgroup.it;;17-12-2018;;62.01;Produzione di software non connesso all'edizione
58703;AZIENDA;TX LOGISTIK AG;BOLZANO;BZ;ITALIA;PIAZZA WALTHER,22;39100;0458624614;s.avesani@txlogistik.eu;;51;30-05-2019;;;
123317;AZIENDA;TOLA & C. SRL;SOMMACAMPAGNA;VR;ITALIA;VIA DOSSOBUONO 56/1;37066;0458960332;amministrazione@tolaimpianti.it;;;27-05-2019;ELETTRONICA;43.21.01;Installazione di impianti elettrici in edifici o in altre opere di costruzione (inclusa manutenzione
112791;AZIENDA;BE DIFFERENT SRL;VERONA;VR;ITALIA;VIA A.DOMINUTTI,20;37135;0458538775;hr@dodifferent.it;;14;27-05-2019;INFORMATICA;60.01.00;
103775;AZIENDA;ERMES SRL;ILLASI;VR;ITALIA;C.SO C.BATTISTI, 33;37031;045991245;alessia@ermes-vr.it;www.ermes-vr.it;;15-04-2019;;;
13654;AZIENDA;DLL SYSTEM S.R.L.;VERONA;VR;ITALIA;VIA CACCIATORI DELLE ALPI, 11;37100;3357294894;diegofincato@dllsystem.it;;;27-05-2019;INFORMATICA;;
16393;AZIENDA;MIOINDIRIZZO SRL;VERONA;VR;ITALIA;VIA ENRICO FERMI, 11/A;37100;0459200030;info@mioindirizzo.com;www.avelia.it;7;20-05-2019;INFORMATICA;;
140185;AZIENDA;DOTTOR MARC SRL;SAN GIOVANNI LUPATOTO;VR;ITALIA;VIA CA 'NOVA ZAMPIERI 4E;37057;0455118550;info@dottormarc.it;www.dottormarc.it;;20-05-2019;INFORMATICA;62.02.00;Consulenza nel settore delle tecnologie dell'informatica
141116;AZIENDA;ISACCO ROSSI;VERONA;VR;ITALIA;VIA UMBRIA 27;37100;;ir.isacco.rossi@gmail.com;;;27-05-2019;INFORMATICA;62.01.00;Produzione di software non connesso all'edizione
2300;AZIENDA;MONDO PC SNC;CASTEL D'AZZANO;VR;ITALIA;VIA C. ANGIOLIERI, 4;37060;045518086;mail@mondo-pc.it;http://www.mondo-pc.it/mondo-pc;;;INFORMATICA;;
47986;AZIENDA;16 TELEFONIA SAS;VERONA;VR;ITALIA;VIA MANTOVANA 91/C;37100;0456930482;16telefonia@gmail.com;;1;;INFORMATICA;;
43623;AZIENDA;ALPEGO S.P.A.;LONIGO;VI;ITALIA;VIA GIOVANNI E GIUSEPPE CENZATO,9;36045;0444646100;  valeria.zanin@alpego.com;www.alpego.com;86;;LOGISTICA;28.30.9;Fabbricazione di altre macchine per l'agricoltura, la silvicoltura e la zootecnia
1830;AZIENDA;EDULIFE S.P.A.;VERONA;VR;ITALIA;LUNGADIGE GALTAROSSA;37123;0459696300;l.soato@edulife.it;www.edulife.it;12;16-05-2019;INFORMATICA;62.01.00;Produzione di software non connesso all'edizione
11553;AZIENDA;PASTIFICIO RANA S.P.A.;SAN GIOVANNI LUPATOTO;VR;ITALIA;VIA PACINOTTI 25;37057;0458587311;mbugna@rana.it;www.rana.it;1000;;;;
140917;AZIENDA;ARTIGIANA NEW DI PERTILE RENATO;SAN BONIFACIO;VR;ITALIA;VIA A. VOLTA 4;37047;;artigiananew@virgilio.it;;;23-05-2019;ELETTRONICA;27.11;Fabbricazione di motori, generatori e trasformatori elettrici
41011;AZIENDA;INFIND SRL;PESCANTINA;VR;ITALIA;VIA ENRICO FERMI, 21;37026;045 6750055;info@infind.it;;28;07-06-2019;;28.99.2;Fabbricazione di robot industriali per usi molteplici (incluse parti e accessori)
143733;AZIENDA;MAURELLI SPA;VERONA;VR;ITALIA;VIA DELLA MECCANICA 30/A;37100;0452478103;francesca@maurelli.it;;;;;;
6775;AZIENDA;FRACAROLLI FLLI SNC;BUSSOLENGO;VR;ITALIA;VIA STRADA SAN VITTORE 12;37012;045 7150838;info@fracarolli.it;;;13-05-2019;COSTRUZIONE DEL MEZZO;45.20.1;Riparazioni meccaniche di autoveicoli
141108;AZIENDA;FOTO OTTICA DE FORTUNA SNC;VERONA;VR;ITALIA;PIAZZA RISORGIMENTO 17 A;37100;;info@otticadefortuna.it;;;27-05-2019;;74.2;ATTIVIT� FOTOGRAFICHE
116057;AZIENDA;VIRTUAL LAND SRL;VERONA;VR;ITALIA;VIA ARSENALE 58;37100;0458342964;;www.virtual-land.eu;;27-05-2019;INFORMATICA;63.11.19;Altre elaborazioni elettroniche di dati
49305;AZIENDA;MANNI SIPRE SPA;VERONA;VR;ITALIA;VIA A. RIGHI 7;37100;045/8088938;ilaria.bigagnoli@mannigroup.com;www.mannisipre.com;;27-05-2019;;25.11.00;Fabbricazione di strutture metalliche e parti assemblate di strutture
2032;AZIENDA;FABER ELETTRONICA S.N.C. DI FATTORI A. E BERTIN C.;CALDIERO;VR;ITALIA;VIA DELL' ARTIGIANATO,38;37042;0456151945;info@faber-elettronica.it;http://www.faber-elettronica.it/;;23-05-2019;;;
134064;AZIENDA;BMQUADRO SRL;AFFI;VR;ITALIA;VIA G.PASCOLI 21;37010;0459971290;info@bmquadro.it;www.bmquadro.it;1;13-03-2019;;62.09.09;Altre attivit� dei servizi connessi alle tecnologie dell'informatica nca
1070;AZIENDA;RTC SPA;VERONA;ZEVIO VR;ITALIA;VIA EDISON, 31 LOC.CAMPAGNOLA;37059;0458738711;luca.mingon@rtc-spa.it;www.rtc-spa.it;47;08-10-2018;;95.11;Riparazione di computer e periferiche
86607;AZIENDA;FRANKE SPA;PESCHIERA DEL GARDA;VR;ITALIA;PIGNOLINI 2;37019;0456449422;job.it@franke.com;;300;15-05-2019;INFORMATICA;25.5;FUCINATURA, IMBUTITURA, STAMPAGGIO E PROFILATURA DEI METALLI  METALLURGIA DELLE POLVERI
141112;AZIENDA;GP GARAGE;CASTELNUOVO DEL GARDA;VR;ITALIA;VIA M.G. AGNESI;37014;3471522786;info@gpgarage.it;www.gpgarage.it;;27-05-2019;COSTRUZIONE DEL MEZZO;45.20.10;Riparazioni meccaniche di autoveicoli
15562;ENTE PUBBLICO;COMUNE DI VERONA;VERONA;VR;ITALIA;P.ZZA BRA', 1;37121;0458077400;tirocini.lavoro@comune.verona.it;;2009;;;84.11.10;Attivit� degli organi legislativi ed esecutivi, centrali e locali  amministrazione finanziaria  amm
105499;AZIENDA;ANTOLINI TRASPORTI SPEDIZIONI SRL;SAN PIETRO IN CARIANO;VR;ITALIA;VIA DANTE 3/5;37029;0457701422;paola@antolinitrasporti.it;;48;10-06-2019;;49.41;Trasporto di merci su strada
44816;AZIENDA;HASLERRAIL ITALIA SSRL;VILLAFRANCA DI VERONA;VR;ITALIA;VIALE POSTUMIA 58/C;37069;0456304558;lucia.campo@haslerrail.com;www.haslerrail.com;70;;;33.20.03;Installazione di strumenti ed apparecchi di misurazione, controllo, prova, navigazione e simili (inc
70436;AZIENDA;AGEC AZIENDA GESTIONE EDIFICI COMUNALI DEL COMUNE DI VERONA;VERONA;VR;ITALIA;VIA ENRICO NORIS 1;37100;0458051311;sezionepersonale@agec.it;;505;15-05-2019;;56.29.10;Mense
70708;ASSOCIAZIONE;CROCE BIANCA VERONA;VERONA;VR;ITALIA;PIAZZA BACANAL 7;37100;0458033700;controller@crocebiancavr.it;;10;13-05-2019;;;
32021;AZIENDA;ESSEPI PROFESSIONAL SERVICE DI PUVANARATNAM SANGEEVAN;CASTELNUOVO DEL GARDA;VR;ITALIA;VIA TRENTO,78;37014;3207487229;info@essepi.org;www.essepi.org;1;;;;
6932;AZIENDA;TELEPOINT SNC;AFFI;VR;ITALIA;LOCALITA' IN AFFI, 32;37010;0456260513;info@telepointservice.com;;;;;;
104504;AZIENDA;CASA DI RIPOSO B. ALBERTINI;ISOLA DELLA SCALA;VR;ITALIA;VIA DEL DONATORE DI SANGUE;37063;0457301562;direzione@cralbertini.it;wwwcralbertini.it;;31-05-2019;;;
6753;AZIENDA;TIME SYSTEM COSTRUZIONI ELETTRICHE SNC;ZEVIO;VR;ITALIA;VIA INVALIDI DEL LAVORO;37059;045 8732272;info@timesystem.it;;11;30-05-2019;;43.21.01;Installazione di impianti elettrici in edifici o in altre opere di costruzione (inclusa manutenzione
60249;AZIENDA;SERVIZI AGRICOLI INFORMATIZZATI;ZEVIO;VR;ITALIA;PIAZZA SANTA TOSCANA 50;37059;;stevani.sara@aicvr.it;;7;13-05-2019;;63.11.1;Elaborazione dati
64724;AZIENDA;FULCRO SRL UNIPERSONALE;VERONA;VR;ITALIA;VIALE BRENNERO 27;37100;0458890026;info@fulcro.net;www.fulcro.net;1;23-05-2019;INFORMATICA;;
2248;AZIENDA;FORNO BONOMI S.P.A.;ROVERE' VERONESE;VR;ITALIA;CONTRADA VAZZI, 7;37028;045/6509300;info@fornobonomi.com;www.fornobonomi.com/it/contatti;160;20-05-2019;COSTRUZIONE DEL MEZZO;10.72.0;Produzione di fette biscottate, biscotti  prodotti di pasticceria conservati
112578;AZIENDA;ZAMPINI GIUSEPPE SNC DI ZAMPINI CLAUDIO E F.LLI;PESCANTINA;VR;ITALIA;VIA ROMA 121;37026;0457151396;;;8;;;47.19.2;Commercio al dettaglio in esercizi non specializzati di computer, periferiche, attrezzature per le t
2190;AZIENDA;VICENTINI SPA;VERONA;VR;ITALIA;VIA GARDESANE 49;37139;0452085111;sara.modena@vicentini.it;http://www.vicentini.it/ita/;;20-05-2019;ELETTRONICA;;
40132;AZIENDA;DSV SPA;LIMITO DI PIOLTELLO;MI;ITALIA;VIA D.ALIGHIERI 134;28100;0321382270;andrea.codini@it.dsv.com;;65;10-05-2019;;52.29.1;Spedizionieri e agenzie di operazioni doganali
74003;AZIENDA;NETSYSCO SRL;SAN PIETRO IN CARIANO;VR;ITALIA;VIA G.CAMPOSTRINI 50;37029;0456838352;amministrazione@netsysco.net;www.netsysco.net;6;28-02-2019;INFORMATICA;46.51;Commercio all'ingrosso di computer, apparecchiature informatiche periferiche e di software
7516;AZIENDA;DIRTY WHELLS SNC DI BENINI STEFANO E COATI FEDERICO;VERONA;VR;ITALIA;VIA MAIELLA 6;37100;0452227636;info@dirtywheels.it;;;13-05-2019;;45.40.11;Commercio all'ingrosso e al dettaglio di motocicli e ciclomotori
1903;AZIENDA;NOVA SYSTEMS SERVICES S.R.L.;VELO VERONESE;VR;ITALIA;PIAZZA DEL POPOLO, 1;37030;0458788214;lforomi@novasystemsindustria.eu;;;;;;
18487;AZIENDA;NOVA SYSTEMS SERVICES S.R.L.;SAN MARTINO BUON ALBERGO;VR;ITALIA;VIALE DEL LAVORO, 39;37036;0458788211;bavesani@novasystems.it;;43;15-05-2019;INFORMATICA;63.11.30;Hosting e fornitura di servizi applicativi (ASP)
32111;AZIENDA;REDORO S.R.L. FRANTOI VENETI;GREZZANA;VR;ITALIA;VIA MARCONI,30;37023;045907622;amministrazione@redoro.it;www.redoro.it;12;22-05-2018;LOGISTICA;46.33.20;Commercio all'ingrosso di oli e grassi alimentari di origine vegetale o animale
53074;AZIENDA;FOR.MECH SRL;GREZZANA;VR;ITALIA;VIA DOMENICO DA LUGO 2B;37023;045 8802122;;;16;20-05-2019;COSTRUZIONE DEL MEZZO;25.62.00;Lavori di meccanica generale
140172;AZIENDA;MOSCONI GOMME SERVICE SAS;GREZZANA;VR;ITALIA;VIA LEONARDO DA VINCI 3;37023;;info@mosconigomme.it;www.mosconigomme.it;8;20-05-2019;COSTRUZIONE DEL MEZZO;45.20.40;Riparazione e sostituzione di pneumatici per autoveicoli
129403;AZIENDA;DATEL DI SALADINO SALVATORE;VERONA;VR;ITALIA;VIA BRANDIMARTE 1;37135;045504225;info@datelsistemi.com;www.datelsistemi.com;4;08-02-2019;;43.21.02;Installazione di impianti elettronici (inclusa manutenzione e riparazione)
72300;AZIENDA;HIKARI SRL;PESCANTINA;VR;ITALIA;VIA MIRANDOLA 37A;37026;0458018058;amministrazione@hikavi.eu;www.hikari.eu;10;;;27.40.09;Fabbricazione di altre apparecchiature per illuminazione
13648;AZIENDA;DIELETTRIC S.R.L.;VERONA;VR;ITALIA;VIA STRADA DELLE TRINCEE, 15/D;37135;0458550548;info@dielettric.it;;;29-05-2019;;;
2162;AZIENDA;CAD IT SPA;VERONA;VR;ITALIA;VIA TORRICELLI, 44/A;37136;0458211111;risorseumane@caditgroup.comroup.com;www.caditgroup.com;491;23-05-2018;INFORMATICA;62.01;Produzione di software non connesso all'edizione
141104;AZIENDA;FARMACIA CENTRALE  DOTT. SIGNORINI SNC;VERONA;VR;ITALIA;PIAZZA ERBE 20;37100;;info @farmaciasignorini.it;www.farmaciasignorini.it;19;27-05-2019;;47.73.1;Farmacie
143612;AZIENDA;AUTOFFICINA SGANZERLA MAURIZIO;SALIZZOLE;VR;ITALIA;VIA ISOLANA 664;37056;0456954002;mauriziosganz@gmail.com;;5;24-06-2019;;;
140689;AZIENDA;OMV MACHINERY SRL;VERONA;VR;ITALIA;LUNGADIGE ATTIRAGLIO 67;37100;0458394444;info@omvgroup.com;;47;24-05-2019;;28.29.20;Fabbricazione di macchine e apparecchi per le industrie chimiche, petrolchimiche e petrolifere (incl
67676;AZIENDA;A VARITT SRL;EMPOLI;FI;ITALIA;VIA DELLA PIOVOLA ,138;50053;3485991723;;www.varitt.it;;06-04-2019;TELECOMUNICAZIONI;61.90.1;Erogazione di servizi di accesso ad internet (ISP)
30877;COOPERATIVA;COOPERATIVA SOCIALE SI-FA;VERONA;VR;ITALIA;VIA F.CASAROTI 35 ,;37131;3296543586;sifa.coop@gmail.com;www.si-fa.com;30;27-05-2019;;;
1815;AZIENDA;CENTRO UFFICIO S.N.C.;ZEVIO;VR;ITALIA;VIA ALTICHIERO, 81;37059;0457135441;info@centroufficio.it;www.centroufficio.it/;7;22-05-2019;INFORMATICA;;
104212;AZIENDA;FINCONS SPA;MILANO;MI;ITALIA;CORSO MAGENTA 56;20100;0458799299;michele.moretti@finconsgroup.com;www.finconsgroup.com;960;;;62.02.00;Consulenza nel settore delle tecnologie dell'informatica
1485;AZIENDA;STI  SPA;NOGARA;VR;ITALIA;VIA LABRIOLA, 22;37054;0442537135;ufficiodelpersonale@stispa.it;;73;29-03-2018;;49.41.00;Trasporto di merci su strada
137065;AZIENDA;DM CONSULTING SRL;LEGNAGO;VR;ITALIA;VIA ENRICO FERMI 3;37045;04421866161;info@dmconsulting.it;ww.dmconsulting.it;8;06-05-2019;;63.11.1;Elaborazione dati
137011;AZIENDA;6 COM SRL;SAN GIOVANNI LUPATOTO;VR;ITALIA;VIA MONTE PASTELLO 9;37057;045 8751430;info@6comsrl.it;;12;06-05-2019;ELETTRONICA;93.29.3;Sale giochi e biliardi
1895;AZIENDA;LINPAC PACKAGING VERONA SRL;SAN GIOVANNI LUPATOTO;VR;ITALIA;VIA MONTE PASTELLO, 40;37057;0459216411;marta.prati@linpac.com;www.linpac.com;82;29-04-2019;;22.22.00;Fabbricazione di imballaggi in materie plastiche
1113;AZIENDA;SIPRO S.R.L.;VERONA;VR;ITALIA;VIALE DELL'INDUSTRIA, 7;37135;045508822;ivo.tommasini@sipro.vr.it;http://www.sipro.vr.it/web/index.html;36;;;33.20.03;Installazione di strumenti ed apparecchi di misurazione, controllo, prova, navigazione e simili (inc
141082;AZIENDA;TB DI BOMPIERI TIZIANO;GREZZANA;VR;ITALIA;VIA TUBALDINI;37023;;bombieritiziano@libero.it;;;27-05-2019;COSTRUZIONE DEL MEZZO;25.99.3;Fabbricazione di oggetti in ferro, in rame ed altri metalli
140184;AZIENDA;EU WINGS SRL;SOMMACAMPAGNA;VR;ITALIA;VIA OSTERIA GRANDE 59;37066;;;;;20-05-2019;INFORMATICA;;
91819;AZIENDA;CERPELLONI  S.R.L.;SAN MARTINO BUON ALBERGO;VR;ITALIA;VIA TORRICELLI 14E;37036;045532612;info@cerpelloni.com;;5;;;43.22.01;Installazione di impianti idraulici, di riscaldamento e di condizionamento dell'aria (inclusa manute
139509;AZIENDA;CAZZADOR IMPIANTI ELETTRICI;POVEGLIANO VERONESE;VR;ITALIA;VIALE DELLA TECNICA 36;37064;;info@cazzadorimpianti.it;;;18-05-2019;ELETTRONICA;43.21.01;Installazione di impianti elettrici in edifici o in altre opere di costruzione (inclusa manutenzione
113596;AZIENDA;AGRATI-FSP SRL;VERONA;VR;ITALIA;VIA SOMMACAMPAGNA 49A;37100;0458515811;info-fsp@agrati.com;;52;10-05-2019;LOGISTICA;46.74.1;Commercio all'ingrosso di articoli in ferro e in altri metalli (ferramenta)
137373;AZIENDA;MYMB SRL;CAPANNORI;LU;ITALIA;VIA DI CARRAIA  141;55061;045 6899700;mymb.amministrazione@timegroup.it;www.my-mb.it;8;07-05-2019;;62.09.09;Altre attivit� dei servizi connessi alle tecnologie dell'informatica nca
136576;AZIENDA;DIGITALE FORGE VERONA SRL;VILLAFRANCA DI VERONA;VR;ITALIA;VIA MONTE BALDO 4;37062;045 117788;AMMINISTRAZIONE@DIGITALFORGE.IT;DIGITALFORGE.IT;3;02-05-2019;;46.51;Commercio all'ingrosso di computer, apparecchiature informatiche periferiche e di software
142810;AZIENDA;IMAGE SRL;ZEVIO;VR;ITALIA;CORSO CAVOUR 76;37059;;weconcept@weconcept.it;www.imagecreations.it;5;13-06-2019;INFORMATICA;18.13.00;Lavorazioni preliminari alla stampa e ai media
129015;AZIENDA;RIGO SRL;VERONA;VR;ITALIA;V.LO CAVALLETTO 24;37100;045 60804000;;www.rigoelettroimpianti.it;6;09-05-2019;;43.21.01;Installazione di impianti elettrici in edifici o in altre opere di costruzione (inclusa manutenzione
6968;AZIENDA;AUTORICAMBI RACING SRL;VERONA;VR;ITALIA;COLONELLO FINCATO 264;37131;045 528345;info@negrente.com;;;10-05-2019;;;
42262;AZIENDA;DS SMITH PACKAGING ITALIA SPA;VIGASIO;VR;ITALIA;VIA NOGAROLE ROCCA5;37068;0456649711;andreina.fama@dssmith.com;www.dssmith.com/it/packaging;;04-07-2019;;17.21.0;Fabbricazione di carta e cartone ondulato e di imballaggi di carta e cartone (esclusi quelli in cart
1077;AZIENDA;SIA SRL;SOMMACAMPAGNA;VR;ITALIA;VIA PACINOTTI 1;37066;045512900;info@siavr.it;www.siavr.it;37;18-05-2019;INFORMATICA;62.01;Produzione di software non connesso all'edizione
97450;AZIENDA;RED DI DONATELLI NICOLA;VILLAFRANCA DI VERONA;VR;ITALIA;VIA MESSEDAGLIA;37069;0457901340;;;8;16-05-2019;ELETTRONICA;95.22.01;Riparazione di elettrodomestici e di articoli per la casa
13416;AZIENDA;INFOLAB DATA SRL;SAN BONIFACIO;VR;ITALIA;VIA VILLABELLA 18;37047;0455117307;info@infolabdata.it;ww.infolabdata.it;5;27-03-2019;INFORMATICA;95.11;Riparazione di computer e periferiche
140889;AZIENDA;AUTOSCUOLA ARENA DI MARTORANA BENEDETTO E C. SAS;VERONA;VR;ITALIA;VIA PO 25;37100;;autoscuolaarena@hotmail.com;;;23-05-2019;LOGISTICA;85.53;Attivit� delle scuole guida
112940;AZIENDA;AUTOTRASPORTI TEZZA CLEMENTE SRL;GREZZANA;VR;ITALIA;VIA NICOLO'MARCOZENI 12;37023;045907434;info@tezzaautotrasporti.it;www.tezzaautotrasporti.it;18;10-05-2019;;49.41;Trasporto di merci su strada
57192;AZIENDA;COOP. SERVICE SOCIETA' COOPERATIVA;REZZATO;BS;ITALIA;VIA NAPOLEONICA,7;25086;0302594360;info@coopservice.info;www.coopservice.info;15;12-12-2018;;52.24.40;Movimento merci relativo ad altri trasporti terrestri
113373;AZIENDA;KUEHNE + NAGEL SRL;CALVIGNASCO;MI;ITALIA;VIA DEL COMMERCIO 2;20080;0458588526;info.verona@kuehne-nagel.com;;;27-05-2019;LOGISTICA;;
1449;AZIENDA;Q-TEK SRL;VERONA;VR;ITALIA;STADA DELLE TRINCEE 13;37135;0454732083;info@q-tek.it;http://www.q-tek.it/it/;;13-05-2019;;;
2308;AZIENDA;COMITEL SRL;VERONA;VR;ITALIA;VIA LUSSEMBURGO 13;37135;045500577;ufficio.tecnico@comitel.com;http://www.comitel.com/;;18-05-2019;TELECOMUNICAZIONI;;
64252;AZIENDA;RFI RETE FERROVIARIA ITALIANA;ROMA;RM;ITALIA;PIAZZA DELLA CROCE ROSSA 1;00100;;;;;;;;
98130;AZIENDA;TECNAUTO DI FASOLI FLAMINIO;VERONA;VR;ITALIA;VIA G.CABOTO 1A;37138;0458103628;;;1;;;45.20.10;Riparazioni meccaniche di autoveicoli
1698;AZIENDA;MODENINI SRL;VIGASIO;VR;ITALIA;VIA DELL'INDUSTRIA, 6;37068;0457363899;info@modenini.it;www.modenini.it;8;20-05-2019;ELETTRONICA;45.20.10;Riparazioni meccaniche di autoveicoli
97892;AZIENDA;REWAL S.N.C. DI MILANI E REGGIANI;ARBIZZANO;VR;ITALIA;VIA L. DA VINCI, 5/C;37020;0457514944;inforewal@rewal.it;http://www.rewal.it/;;24-05-2019;ELETTRONICA;43.21.01;Installazione di impianti elettrici in edifici o in altre opere di costruzione (inclusa manutenzione
1740;AZIENDA;STM PRODUCTS S.R.L.;VERONA;VR;ITALIA;VIA MORGAGNI 14;37135;045585700;info@stm-products.com ;http://www.stm-products.com/it/;;16-05-2019;;;
136680;AZIENDA;VERONA REV SRL;VERONA;VR;ITALIA;VIA E.TORRICELLI 10/B;37135;045 506688;info@veronarevsrl.it;;1;02-05-2019;;71.20.21;Controllo di qualit� e certificazione di prodotti, processi e sistemi
138661;AZIENDA;ELETTROMECCANICA GARDESANA SRL;CASTELNUOVO DEL GARDA;VR;ITALIA;VIA STAZIONE 128/B;37014;045 7550666;info@elettromeccanicagardesana.it;www.elettromeccanicagardesana.it;5;13-05-2019;;43.29.09;Altri lavori di costruzione e installazione nca
61127;AZIENDA;FORNACE S.R.L.;VERONA;VR;ITALIA;VIA ISONZO ,11;37100;0456800977;info@fornacestudio.com;www.fornacestudio.com;5;16-05-2019;INFORMATICA;74.10.21;Attivit� dei disegnatori grafici di pagine web
34820;AZIENDA;ACLI PROVINCIALI DI VERONA;VERONA;VR;ITALIA;VIA SCRIMINARI 24A;37100;0459275000;martina.tommasi@acliverona.it;www.acliverona.it;4;24-05-2019;INFORMATICA;94.99.10;Attivit� di organizzazioni per la tutela degli interessi e dei diritti dei cittadini
51483;AZIENDA;NEUFRA SPEDIZIONI SRL;SAN GIOVANNI LUPATOTO;VR;ITALIA;VIA CA'NOVA ZAMPIERI 4E;37057;0458774111;verona@neufra.it;www.neufraspedition.de;8;27-05-2019;LOGISTICA;52291;SPEDIZIONI
62007;AZIENDA;MOTOR SERVICE SAS DI CARMINE MUTO & C.;SONA;VR;ITALIA;VIA EMILIA 16;37060;0456700685;;;2;22-05-2019;LOGISTICA;42.20.2;
51142;UNIVERSIT�;UNIVERSITA' DEGLI STUDI DI VERONA;VERONA;VR;ITALIA;STRADA DELLE GRAZIE 15;37100;0458027071;segreteria.di@ateneo.univr.it ;www.di.univr.it;40;;INFORMATICA;8542;
22305;AZIENDA;ACCIAIERIE DI VERONA;OSOPPO;UD;ITALIA;ZONA INDUSTRIALE RIVOLI;33010;0458058515;riccardo.olivieri@pittini.it;;350;14-03-2018;ELETTRONICA;24.10.00;Siderurgia - Fabbricazione di ferro, acciaio e ferroleghe
94947;ASSOCIAZIONE;ECONOMICS LIVING LAB;ZEVIO;VR;ITALIA;CORSO CAVOUR 76;37059;3473201905;info@econlivlab.eu;www.econlivlab.eu;;27-05-2019;INFORMATICA;46.72.2;Commercio all'ingrosso di metalli non ferrosi e prodotti semilavorati
1244;AZIENDA;BRUTTI LORENZO S.R.L.;VERONA;VR;ITALIA;VIA DELLA MECCANICA, 26;37139;0458181211;bruttilorenzo@bruttilorenzo.it;;37;;;43.21.01;Installazione di impianti elettrici in edifici o in altre opere di costruzione (inclusa manutenzione
11842;AZIENDA;BERTI MACCHINE AGRICOLE SPA;CALDIERO;VR;ITALIA;VIA MUSI, 1/A-3;37042;0456139711;info@bertima.it;http://www.bertima.it/it/index.php;74;07-05-2019;;28.30.90;Fabbricazione di altre macchine per l'agricoltura, la silvicoltura e la zootecnia
113289;AZIENDA;STUDIO DENTISTICO DR LANZAFAME;ZEVIO;VR;ITALIA;VIA PRIMO MAGGIO 205;37059;3474752910;info@drlanzafame.com;;;22-05-2019;INFORMATICA;;
1328;ENTE PUBBLICO;COMUNE DI BADIA CALAVENA;BADIA CALAVENA;VR;ITALIA;P.ZZA MERCATO, 1;37030;045/7810503;protocollo@comune.badiacalavena.vr.it;;10;;;84.11.10;Attivit� degli organi legislativi ed esecutivi, centrali e locali  amministrazione finanziaria  amm
143162;AZIENDA;IRRIPLUS SRL;ALBARO DI RONCO ALL'ADIGE;VR;ITALIA;VIA FRACANZANZA  3/E;37055;;;;5;13-06-2019;;47.52.4;Commercio al dettaglio di macchine, attrezzature e prodotti per l'agricoltura  macchine e attrezzatu
140872;AZIENDA;SINAI SRL;SAN GIOVANNI LUPATOTO;VR;ITALIA;VIA GAROFOLI 53;37057;0458753516;info@sinai.it;www.sinai.it;3;27-05-2019;INFORMATICA;33.20.03;Installazione di strumenti ed apparecchi di misurazione, controllo, prova, navigazione e simili (inc
137533;AZIENDA;CONTI SISTEMI VERONA SRL;VERONA;VR;ITALIA;CIRC.A.ORIANI 2;37100;0457080148;info@contisistemi.it;www.conti-sistemi.com;5;09-05-2019;;43.21.01;Installazione di impianti elettrici in edifici o in altre opere di costruzione (inclusa manutenzione
43109;AZIENDA;CAMON SPA;ALBAREDO D'ADIGE;VR;ITALIA;VIA LUCIO COSENTINI 1;37041;0456608511;camon@camon.it;www.camon .it;90;28-05-2019;LOGISTICA;46.49.9;Commercio all'ingrosso di vari prodotti di consumo non alimentare nca
141252;AZIENDA;COMPU-NET SRL;VERONA;VR;ITALIA;VIA SCALZI 20;37100;;omar.borgatti@compu-net.it;www.compu-net.it;;28-05-2019;;46.51;Commercio all'ingrosso di computer, apparecchiature informatiche periferiche e di software
2281;AZIENDA;TELEFIN SPA;VERONA;VR;ITALIA;VIA ALBERE, 87/A;37138;0458100404;info@telefin.it;www.telefin.it;56;26-03-2019;;26.30.29;Fabbricazione di altri apparecchi elettrici ed elettronici per telecomunicazioni
141084;AZIENDA;C.O.D. GROUP;VERONA;VR;ITALIA;VIA MAIELLA 8;37100;;info@coudgroup.it;www.codgroup.it;3;27-05-2019;;46.45.00;Commercio all'ingrosso di profumi e cosmetici
75848;AZIENDA;ELECTRO BS DI HACHEL SABER;CASTEL D'AZZANO;VR;ITALIA;VIA GALILEO GALILEI,9;37060;0452214703;info@electro-bs.com;www.electro-bs.com;1;;;;
141113;AZIENDA;TERRANOVA SRL;VERONA;VR;ITALIA;VIALE DEL COMMERCIO 47;37100;;l.cortese@terranovasoftware.eu;www.terranovasoftware.eu;;27-05-2019;INFORMATICA;26.60.02;Fabbricazione di apparecchi elettromedicali (incluse parti staccate e accessori)
1399;AZIENDA;DALLA PIAZZA S.R.L.;SONA;VR;ITALIA;VIA MINCIO ,2;37060;045984722;dalla.piazza@tin.it;;6;11-06-2019;;43.21.01;Installazione di impianti elettrici in edifici o in altre opere di costruzione (inclusa manutenzione
40788;AZIENDA;GARDALAND SRL;CASTELNUOVO DEL GARDA;VR;ITALIA;VIA DERNA 4;37014;0456449839;hr@gardaland.it;www.gardaland.it;202;24-01-2019;;93.21.00;Parchi di divertimento e parchi tematici
99125;AZIENDA;ARDUINI E NERBOLDI SRL;VERONA;VR;ITALIA;VIA DELLA MECCANICA 32;37139;0458515450;;;57;20-05-2019;COSTRUZIONE DEL MEZZO;45.20.10;Riparazioni meccaniche di autoveicoli
1792;AZIENDA;PIESSE QUADRO S.R.L.;BOVOLONE;VR;ITALIA;VIA GIORDANI, 9;37051;0456901890;segreteria@piessequadro.com;www.piessequadro.com;;;;;
108491;AZIENDA;CORRADO BENEDETTI SRL;SANT'ANNA D'ALFAEDO;VR;ITALIA;CROCE DELLO SCHIOPPO 1;37020;0457545186;comunicazione@corradobenedetti.it;www.corradobenedetti.it;2;20-05-2019;LOGISTICA;47.29.1;Commercio al dettaglio di latte e di prodotti lattiero-caseari
43998;AZIENDA;TRACONF SRL;SONA;VR;ITALIA;VIA DELL'INDUSTRIA;37060;0456083111;info@trancof.it;www.traconf.it;166;09-04-2018;;52.29.22;Servizi logistici relativi alla distribuzione delle merci
15821;AZIENDA;AMT AZIENDA MOBILITA' E TRASPORTI S.P.A.;VERONA;VR;ITALIA;VIA F. TORBIDO,1;37133;0452320025;info@amt.it;www.amt.it;53;27-05-2019;;52.21.25;
1855;AZIENDA;TERMOSANITARIA PASINATO SRL;VERONA;VR;ITALIA;STRADA DELLE TRINCEE 13/L;37100;045 8550500;info@termopasi.com;www.pasinstogroup.it;58;07-05-2019;;43.22.01;Installazione di impianti idraulici, di riscaldamento e di condizionamento dell'aria (inclusa manute
102325;AZIENDA;ZWOLF SAS DI LAGO KATIA & C.;VERONA;VR;ITALIA;VIA BRUNORO DELLA SCALA  24;37134;0457117379;info@zwolf.it;www.zwolf.it;2;24-05-2019;ELETTRONICA;47.99.1;Commercio al dettaglio di prodotti vari, mediante l'intervento di un dimostratore o di un incaricato
1192;AZIENDA;EB NEURO S.P.A.;FIRENZE;FI;ITALIA;VIA P. FANFANI, 97/A;50127;0456028111;info@ehneuro.com;www.ehneuro.com;58;20-05-2019;ELETTRONICA;23.70.1;Segagione e lavorazione delle pietre e del marmo
1876;AZIENDA;UTECO CONVERTING S.P.A.;COLOGNOLA AI COLLI;VR;ITALIA;VIALE DEL LAVORO,25;37030;045 6174555;personale@uteco.com;http://www.uteco.com/ita/;293;10-05-2018;;;
2314;AZIENDA;BERNER SPA;VERONA;VR;ITALIA;VIA DELL'ELETTRONICA, 15;37100;0458670111;info@berner.it;www.berner.it;360;01-06-2019;;46.74.1;Commercio all'ingrosso di articoli in ferro e in altri metalli (ferramenta)
2318;AZIENDA;CANEVAWORLD RESORT SRL;LAZISE;VR;ITALIA;VIA FOSSALTA, 58;37017;0456969900;germana.amicabile@canevaworld.it;www.canevaworld.it;;;;;
139544;AZIENDA;VM RACING;VERONA;VR;ITALIA;VIA CIRO FERRARI 1;37100;3483681295;info@vmracing.it;www.vmracing.it;;20-05-2019;COSTRUZIONE DEL MEZZO;;
52294;AZIENDA;GRUPPO VOLTA SRL;SOMMACAMPAGNA;VR;ITALIA;VIA BUSSOLENGO,8;37066;045515265;amministrazione@gruppovolta.it;www.gruppovolta.it;6;16-05-2019;INFORMATICA;62.01;Produzione di software non connesso all'edizione
53168;AZIENDA;FERROVIE DELLO STATO ITALIANE;VERONA;VR;ITALIA;PIAZZALE 25 APRILE;37100;0458024675;PA.ZANELLA@TRENITALIA.IT;;;;;;
113648;AZIENDA;VIP SOLAR;VERONA;VR;ITALIA;VIA LEGNAGO 39;37100;0454725445;valentino@vipsolar.it;www.vipsolar.it;;24-06-2019;;;
141290;AZIENDA;AUTOTRASPORTI BOMMARTINI SRL;SOAVE;VR;ITALIA;VIA SERENISSIMA 50;37038;0456108311;bommartini@bommartini.it;www.bommartini.it;135;01-06-2019;;49.41;Trasporto di merci su strada
16423;AZIENDA;TOR MEC AMBROSI S.R.L.;ZEVIO;VR;ITALIA;VIA MAESTRI DEL LAVORO,16;37059;0456050205;tormec@legalmail.it;www.tormec.com;44;15-05-2019;ELETTRONICA;25.62;Lavori di meccanica generale
130378;AZIENDA;OPEN-CO SRL;SANT'AMBROGIO DI VALPOLICELLA;VR;ITALIA;VIA CORTE RONCHI 81C;37015;0457860276;info@openco.it;www.openco.it;20;15-05-2019;INFORMATICA;62.09.09;Altre attivit� dei servizi connessi alle tecnologie dell'informatica nca
2243;AZIENDA;NEOTECNICA S.R.L.;SANT'AMBROGIO DI VALPOLICELLA;VR;ITALIA;VIA DIAZ LOCALITA' DOMEGLIARA 4;37015;0456862581;;http://www.neotecnica.eu/;;20-05-2019;INFORMATICA;62.01;Produzione di software non connesso all'edizione
47779;AZIENDA;VILLAFRUT SRL;OPPEANO;VR;ITALIA;VIA VILLAFONTANA  253;37050;0456998150;info@villafrut.it;www.villafrut.it;67;15-05-2019;;;
2309;AZIENDA;UNDERSCORE SOAVE COMPUTER DI DEMIS NAPOLI;SOAVE;VR;ITALIA;VIALE DELLA VITTORIA,15/A;37038;0456190136;info@underscore.computer;http://www.underscore.computer/;1;13-05-2019;;95.11;Riparazione di computer e periferiche
140902;AZIENDA;ELETTROMECCANICA BONFANTE SRL;SAN GIOVANNI LUPATOTO;VR;ITALIA;VIA MONTE PASTELLO 7A;37057;;info@elettromeccanicabonfante.it;;5;27-05-2019;;33.20.01;Installazione di motori, generatori e trasformatori elettrici  di apparecchiature per la distribuzio
140901;AZIENDA;ESOTERIC PRO AUDIO DI MAROGNA MIRKO;SAN MARTINO BUON ALBERGO;VR;ITALIA;VIA CA DELL'AGLIO 3;37036;0458799319;info@estericproaudio.com;www.estericproaudio.com;;27-05-2019;ELETTRONICA;26.40.01;Fabbricazione di apparecchi per la riproduzione e registrazione del suono e delle immagini
139538;AZIENDA;VR FREDDO SRL;VERONA;VR;ITALIA;VIA CA' MAZZE' 11/13;37100;0458221104;veronafreddo@gmail.com;;;20-05-2019;LOGISTICA;52.01.1;
37311;AZIENDA;NOVAMIND S.N.C.;ISOLA DELLA SCALA;VR;ITALIA;VIA VITTORIO VENETO;37063;0456630515;info@novimind.it;www.novamind.it;3;27-05-2019;INFORMATICA;;
74091;AZIENDA;MEQUADRO DI EMANUELE MAZZI;SAN MARTINO BUON ALBERGO;VR;ITALIA;VIALE DEL LAVORO 15/H;37036;0458781546;;www.mequadro.it;4;29-04-2019;;90.02.01;Noleggio con operatore di strutture ed attrezzature per manifestazioni e spettacoli
17038;AZIENDA;HANGARTNER TERMINAL S.R.L.;VERONA;VR;ITALIA;VIA SOMMACAMPAGNA, 28;37137;0458282411;nicola.zanini@dbschenker.com;www.logistics.dbsche;;27-12-2018;;52.10.1;Magazzini di custodia e deposito per conto terzi
140903;AZIENDA;READY INFORMATION SRL;SONA;VR;ITALIA;VIA GESUITI 4;37060;;marco@readyinformation.it;www.thesocialbreakers.com;;23-05-2019;INFORMATICA;63.12;Portali web
68693;AZIENDA;MTA SPA;CODOGNO;LO;ITALIA;VIALE DELL'INDUSTRIA 12;26845;0522/1827202;www.mta.it;liuba.ettori@mta.it;694;29-04-2019;;29.31.00;Fabbricazione di apparecchiature elettriche ed elettroniche per autoveicoli e loro motori
109229;AZIENDA;TECNICA ELETTRONICA S.P.A;VERONA;VR;ITALIA;VIA SPALLANZANI, 26;37135;045585166;luigi.spiazzi@tecnicaelettronica.it;;30;09-05-2019;;27.2;FABBRICAZIONE DI BATTERIE DI PILE ED ACCUMULATORI ELETTRICI
90672;AZIENDA;DIEMME DI MELDO DANIELE;SOMMACAMPAGNA;VR;ITALIA;VIA DON GERMANO MALACCHINI,8/D;37066;3475359656;info@diemmeimpianti.com;www.diemmeimpianti.com;;13-05-2019;;43.21.02;Installazione di impianti elettronici (inclusa manutenzione e riparazione)
140897;AZIENDA;SMURFIT KAPPA SPA;PASTRENGO;VR;ITALIA;VIA LOCALITA' BAGNOLI 14;37010;;marta.pizzini@smurfitkappa.it;www.smurfitkappa.it;;27-05-2019;;17.21.00;Fabbricazione di carta e cartone ondulato e di imballaggi di carta e cartone (esclusi quelli in cart
136382;AZIENDA;PHARMATHEK SRL SOCIETA'UNIPERSONALE;VERONA;VR;ITALIA;VIA ENRICO FERMI 43;37136;045 950301;info@pharmathek.com;www.pharmathek.com;50;29-04-2019;;28.22.09;Fabbricazione di altre macchine e apparecchi di sollevamento e movimentazione
1829;AZIENDA;E-TIME SRL;SAN MARTINO BUONALBERGO;VR;ITALIA;VIALE DEL LAVORO 45;37122;0458780289;accounting@e-time.it;www.e-time.it;35;18-05-2019;INFORMATICA;;
30371;AZIENDA;M B ACCUMULATORI SRL;BUSSOLENGO;VR;ITALIA;VIA DEL LAVORO,22;37012;0456703743;marco@mbaccumulatori.com;www.mbaccumulatori.com;11;20-04-2018;;46.9;COMMERCIO ALL'INGROSSO NON SPECIALIZZATO
102119;AZIENDA;GIEFFE DI GOBETTI FABRIZIO;ZEVIO;VR;ITALIA;VIA GINO BELTRAMINI 27;37059;3406620918;frimanut@alice.it;;1;20-05-2019;ELETTRONICA;43.21.01;Installazione di impianti elettrici in edifici o in altre opere di costruzione (inclusa manutenzione
139204;AZIENDA;RIZZI TECNOLOGIE DI RIZZI FLAVIO;SAN PIETRO IN CARIANO;VR;ITALIA;VIA VIVALDI 4;37029;;flavio.rizzi@live.com;;;16-05-2019;TELECOMUNICAZIONI;43.21.01;Installazione di impianti elettrici in edifici o in altre opere di costruzione (inclusa manutenzione
136153;AZIENDA;LEM ELETTRONICA SRL;DESENZANO DEL GARDA;BS;ITALIA;GREZZE 38;25015;;info@lemelettronica.it;www.lemelettronica.it;18;29-04-2019;;26.40.01;Fabbricazione di apparecchi per la riproduzione e registrazione del suono e delle immagini
88289;AZIENDA;LEOTRON SAS DI GIULIANI A. & C.;VERONA;VR;ITALIA;CORSO MILANO 122 A;37100;0454684107;m.maccini@leotron.it;www.leotron.com;11;22-05-2019;INFORMATICA;62.09.09;Altre attivit� dei servizi connessi alle tecnologie dell'informatica nca
2255;AZIENDA;TERMINALI ITALIA S.R.L. FF.SS;VERONA;VR;ITALIA;VIA SOMMACAMPAGNA 32;37137;0458624411;info@terminaliitalia.it;www.terminaliitalia.it;;29-04-2019;LOGISTICA;;
1413;AZIENDA;OROTIG SRL;CASTELNUOVO DEL GARDA;VR;ITALIA;VIA XXV APRILE 47;37010;0456400865;info@orotig.com;www.orotig.com;56;06-05-2019;;28.29.99;Fabbricazione di altro materiale meccanico e di altre macchine di impiego generale nca
2273;AZIENDA;RBR VERONA SRL;VERONA;VR;ITALIA;VIA ANNA DA SCHIO, 2;37131;0458403665;rbrverona@rbrverona.it;www.rbr.vr.it;7;;;26.30.29;Fabbricazione di altri apparecchi elettrici ed elettronici per telecomunicazioni
140867;AZIENDA;MG LAB SRL;BUSSOLENGO;VR;ITALIA;VIA DELL'AGRICOLTURA 7;37012;0456704064;info@mglabsrl.it;via dell'agricoltura;;27-05-2019;INFORMATICA;62.09.09;Altre attivit� dei servizi connessi alle tecnologie dell'informatica nca
141665;AZIENDA;SUNSET MOTORCYCLES DI BUTTURINI ROBERTO;BARDOLINO;VR;ITALIA;VIA MOLINI 6;37011;3462305825;SUNSETMOTORCYCLES@GMAIL.COM;;;07-05-2019;;;
136540;AZIENDA;FRANCHI E TABARELLI SRL;VALEGGIO SUL MINCIO;VR;ITALIA;VIA GALVANI 8;37067;045 6370898;info@franchietabarelli.it;www.franchietabarelli.it;10;02-05-2019;;49.41.00;Trasporto di merci su strada
36663;AZIENDA;TURCO FEDERICO OFF.MECC RIPARAZIONI;SAN GIOVANNI LUPATOTO;VR;ITALIA;VIA MONTE CIMONE 7;37057;045546478;;;1;07-06-2019;;45.20.10;Riparazioni meccaniche di autoveicoli
100996;AZIENDA;TELEPHONE HOUSE SNC;ILLASI;VR;ITALIA;VIA UNGHERIA 6;37031;0458781119;info@telephonehouse.it;;2;;;;
136118;AZIENDA;MYWORLD ITALIA SRL;SAN MARTINO BUON ALBERGO;VR;ITALIA;VIALE DEL LAVORO 33;37036;045 2080571;office.it@myworld.com;www.cashbackworld.com;65;29-04-2019;;77.22.09;
45213;AZIENDA;HAXTEEL SRL;SAN MARTINO BUON ALBERGO;VR;ITALIA;VIA FENIL NOVO 2;37036;0458781597;marco@haxteel.com;www.haxteel.eu;5;18-05-2019;TELECOMUNICAZIONI;46.51;Commercio all'ingrosso di computer, apparecchiature informatiche periferiche e di software
100149;AZIENDA;NAUTICA MARE SRL;CALDIERO;VR;ITALIA;VIA VERONA 15;37042;0457650168;sales@nauticamare.it;www.nauticamare.it;3;20-05-2019;INFORMATICA;47.64.2;Commercio al dettaglio di natanti e accessori
2169;AZIENDA;DIGITAL IDEA SRL;BUSSOLENGO;VR;ITALIA;PIAZZA DANESE, 4;37012;0456703929;info@digitalidea.it;http://www.digitalidea.it/;;27-05-2019;INFORMATICA;;
2292;AZIENDA;ANT SRL;SAN MARTINO BUON ALBERGO;VR;ITALIA;VIA DELLA CONCORDIA 4;37036;045 878 1380;amministrazione@antsrl.eu;www.antsrl.eu;;;;;
49220;AZIENDA;SIDERGAS SPA;S.AMBROGIO DI VALPOLICELLA ;VR;ITALIA;VIALE RIMENBRANZA 17;37015;0456862044;;WWW.SIDERGAS.COM;70;;;24.34;Trafilatura a freddo
137358;AZIENDA;CM TRASPORTI SRL;SAN GIOVANNI LUPATOTO;VR;ITALIA;VIA MONTE CIMONE 8;37057;045682754;;;;07-05-2019;;37.54.32;
1800;AZIENDA;IEM S.R.L.;VERONA;VR;ITALIA;VIA GALVANI, 22/C;37139;045563003;info@iemimpiantielettrici.com;www.imimpianti elettrici.com;;23-05-2019;;;
136390;AZIENDA;IL TRUCIOLO SRL;MARIANO COMENSE;CO;ITALIA;VIA TRE VENEZIE 22;22066;031 3353131;;;44;29-04-2019;;38.32.3;Recupero e preparazione per il riciclaggio dei rifiuti solidi urbani, industriali e biomasse
53949;AZIENDA;RIGHETTI RIDOLFI SPA;SONA;VR;ITALIA;VIA SAN QUIRICO 9;37060;0456080950;;www.righettiridolfi.com;26;27-05-2019;;25.99.9;Fabbricazione di altri articoli metallici e minuteria metallica
21384;AZIENDA;M&M COMPUTER CONSULTING SAS;VERONA;VR;ITALIA;VIA SCIDERLANDO 280;37100;045505722;commerciale@computer.veneto.it;;1;10-06-2109;;26.2;FABBRICAZIONE DI COMPUTER E UNIT� PERIFERICHE
1994;AZIENDA;COSTRUZIONE METALLICHE BERTAGNOLI RENATO;GREZZANA;VR;ITALIA;VIA NICOLO' COPERNICO,25;37023;0458668066;michele@bertagnolirenato.it;;13;18-05-2019;INFORMATICA;25.11;Fabbricazione di strutture metalliche e di parti di strutture
7525;AZIENDA;AUTOFFICINA DE TOGNI SRL;ZEVIO;VR;ITALIA;VIA G.CARDUCCI 52;37059;045545922;amministrazione@detogniauto.it;www.detogniauto.it;14;13-03-2019;;45.20.1;Riparazioni meccaniche di autoveicoli
99694;AZIENDA;MARTINI CARLO SNC DI MARTINI VALENTINO E FAGIANI STEFANO & C.;SAN GIOVANNI LUPATOTO;VR;ITALIA;MONTE COMUN 69;37057;0458753391 ;amministrazione@martiniascensori.it ;www.martiniascensori.it;11;20-05-2019;;43.29.01;Installazione, riparazione e manutenzione di ascensori e scale mobili
1811;AZIENDA;QUADRANTE SERVIZI S.R.L.;VERONA;VR;ITALIA;VIA SOMMACAMPAGNA, 61;37137;045952447;elena@quadranteservizi.it;;;;;;
143666;AZIENDA;BCUBE;VERONA;VR;ITALIA;VIA GUMPERT 1;37100;3371511576;marco.nicoletti@bcube.com;www.bcube.net;;26-06-2019;;22.22;Fabbricazione di imballaggi in materie plastiche
1718;AZIENDA;SITEM S.R.L.;VILLAFRANCA DI VERONA;VR;ITALIA;VIA STAFFALI, 44/H;37069;0458600997;sistem@sistemautomazione.com;www.sitemautomazione.com;;18-05-2019;INFORMATICA;62.01;Produzione di software non connesso all'edizione
7423;AZIENDA;UCICAR S.N.C. DI RINCO A. & C.;POVEGLIANO VERONESE;VR;ITALIA;VIA VITTORIO VENETO;37064;0456350091;contabilita@ucicar.it;www.ucicar.com;4;27-05-2019;ELETTRONICA;45.20.1;Riparazioni meccaniche di autoveicoli
88833;AZIENDA;GEWIN SRL;VERONA;VR;ITALIA;VIA SARDEGNA 1F;37100;0458904253;info@gewin-informatica.com;www.gewin-informatica.com;13;22-01-2018;;62.01;Produzione di software non connesso all'edizione
103669;AZIENDA;ELECTRO ENERGY SRL;VIGASIO;VR;ITALIA;VIA DELL'INDUSTRIA ,6;37060;0456698119;electroenergy@libero.it;;3;23-05-2019;ELETTRONICA;27.33;Fabbricazione di attrezzature per cablaggio
1258;AZIENDA;OFFICE AUTOMATION S.R.L.;VERONA;VR;ITALIA;VIALE DEL COMMERCIO, 10/C;37122;0458002529;francesca.grego@officeautomation.it;www.officeautomation.it;27;;;46.51;Commercio all'ingrosso di computer, apparecchiature informatiche periferiche e di software
142803;AZIENDA;INFOGEST SRL;SONA;VR;ITALIA;VIA FRATELLI CERVI 4 F;37060;;info@infogestsrl.it;www.infogestsrl.it;15;11-06-2019;;62.01.00;Produzione di software non connesso all'edizione
74585;AZIENDA;STT SERVICE TELEMATICI TELEFONICI SRL;VERONA;VR;ITALIA;PIAZZALE STEFANI 1;37100;0458124000;info@aovr.veneto.it;www.ospedaleuniverona.it;91;20-05-2019;;43.29.09;Altri lavori di costruzione e installazione nca
15059;COOPERATIVA;INSIEME COOPERATIVA SOCIALE;VERONA;VR;ITALIA;VIA COLONIA ORFANI DI GUERRA, 2;37100;0458650538;segreteria@coopinsieme.it;www.coopinsiem.it;40;20-05-2019;LOGISTICA;;
64106;AZIENDA;SYATEC SRL;NOGAROLE ROCCA;VR;ITALIA;VIA DELL'ARTIGIANATO,10;37060;0457952342;info@syatec.it;www.syatec.it;7;13-05-2019;;27.12;Fabbricazione di apparecchiature per le reti di distribuzione e il controllo dell'elettricit�
96677;AZIENDA;LEONI IMPIANTI SRL;SOMMACAMPAGNA;VR;ITALIA;VIA DEL COMMERCIO 9A;37066;045515011;info@leonimpianti.it;;12;15-05-2019;ELETTRONICA;43.21.01;Installazione di impianti elettrici in edifici o in altre opere di costruzione (inclusa manutenzione
143283;AZIENDA;S C SISTEMI DI CASSA SRL;LUGAGNANO DI SONA;VR;ITALIA;VIA PIEMONTE 7;37060;;info@scsistemi.net;www.scsistemi.net;14;15-06-2019;;46.66;Commercio all'ingrosso di altre macchine e attrezzature per ufficio
45636;AZIENDA;FROMM PACKAGING AUTOMATION SRL;CAPRINO VERONESE;VR;ITALIA;VIALE DEL LAVORO 21/A;37013;0456230523;leardinie@fromm-pack.com;WWW.FROMM-AUTOMATION.COM;43;14-06-2019;;28.29.3;Fabbricazione di macchine automatiche per la dosatura, la confezione e per l'imballaggio (incluse pa
48531;AZIENDA;SCATTOLINI SPA;VALEGGIO;PV;ITALIA;VIA FERRARI 1;27020;0456334972;mrighetti@scattolini.com;www.scattolini.it;206;16-05-2019;;29.20.00;Fabbricazione di carrozzerie per autoveicoli, rimorchi e semirimorchi
115670;AZIENDA;METALPOINT SRLS;VIGASIO;VR;ITALIA;VIA DEL LAVORO 5/B;37068;0456584286;metalpointsrls@gmail.com;;12;09-07-2018;;25.12.10;Fabbricazione di porte, finestre e loro telai, imposte e cancelli metallici
140164;AZIENDA;VALUE TRANSFORMATION SERVICE;VERONA;VR;ITALIA;VIA DELLA MECCANICA 7;37100;;;;;20-05-2019;INFORMATICA;;
53753;AZIENDA;ASSOCIAZIONE NAZIONALE MUTILATI ED INVALIDI CIVILI DI VERONA;VERONA;VR;ITALIA;VIA SANTA MARIA ROCCA MAGGIORE;37100;045 8013437;;www.anmicverona.org;2;23-05-2019;INFORMATICA;;
7474;AZIENDA;DE NALE ANGELO - AUTOFFICINA;ISOLA DELLA SCALA;VR;ITALIA;VIA ARTIGIANATO 9A;37063;045 7300602;autodenale@hotmail.it;;;27-05-2019;COSTRUZIONE DEL MEZZO;45.20.1;Riparazioni meccaniche di autoveicoli
99015;AZIENDA;BISSOLI F.LLI SRL;OPPEANO;VR;ITALIA;QUAIOTTO , 108;37050;0457130122;info@bissolicarrozzeria.it;www.bissolicarrozzeria.it;10;;;45.20.2;Riparazione di carrozzerie di autoveicoli
13632;AZIENDA;ALCOFER S.R.L.;VERONA;VR;ITALIA;VIA SALISBURGO, 5;37136;045500051;sara@alcofer.it;tuttoferramenta.it;;22-05-2019;INFORMATICA;;
71025;ENTE PUBBLICO;PROVINCIA DI VERONA;VERONA;VR;ITALIA;VIA DELLE FRANCESCHINE,10;37104;0459288386;;;;27-05-2019;INFORMATICA;;
16623;SCUOLA;ISTITUTO COMPRENSIVO BOSCO CHIESANUOVA;BOSCO CHIESANUOVA;VR;ITALIA;PIAZZETTA ALPINI, 5;37021;045/6780521;segreteria@istitutobosco.it;www.istitutobosco.gov.it;;;;;
1954;AZIENDA;OFFICINA MECCANICA ELETTRAUTO F.LLI CHESINI C. E  V. SNC;PESCANTINA;VR;ITALIA;VIA CORNO MOZZO 14;37026;0456767409;officinachesini@libero.it;;5;27-05-2019;;45.20.1;Riparazioni meccaniche di autoveicoli
56507;LIBERO PROFESSIONISTA;ZANONI ARCHITETTO PAOLO STUDIO ARCHITETTURA;BUSSOLENGO;VR;ITALIA;VIA DANTE ALIGHIERI 10;37012;0456703979;studio@paolozanoni.it;;;27-05-2019;;;
1382;AZIENDA;ATTUA S.R.L.;VERONA;VR;ITALIA;VIA ROVEGGIA, 43;37136;045/8271211;info@attua.it;www.attua.it;4;09-05-2019;;62.01;Produzione di software non connesso all'edizione
133818;AZIENDA;OFFICINA GELIO GIORGIO SRL;VIGASIO;VR;ITALIA;VIA DELL'INDUSTRIA 20;37068;;;;;20-05-2019;COSTRUZIONE DEL MEZZO;;
46625;AZIENDA;JUST ITALIA SPA;GREZZANA;VR;ITALIA;VIA COLOGNE,12;37023;0458658111;just@just.it;www.just.it;97;;;;Commercio al dettaglio di prodotti vari, mediante l'intervento di un dimostratore o di un incaricato
140182;AZIENDA;M.C.E. MECCANICA SRL;VERONA;VR;ITALIA;VIA STRADA DELLA GENOVESA;37100;045 6661744 + 045 6661643;info@mce-meccanica.com;www.mce-meccanica.com;;20-05-2019;;;
114500;AZIENDA;PHONELAB;SONA;VR;ITALIA;VIA TRENTINO 1;37060;0456084062;;;4;18-05-2019;ELETTRONICA;47.41;Commercio al dettaglio di computer, unit� periferiche, software e attrezzature per ufficio in eserc
47162;AZIENDA;CREACTIVES S.P.A.;VERONA;VR;ITALIA;VIA  ENRICO FERMI 4;37100;0456261357;serena.bevilacqua@creactives.com;;37;20-05-2019;INFORMATICA;62.01.0;Produzione di software non connesso all'edizione
113783;AZIENDA;HOME INNOVATION SRL;VERONA;VR;ITALIA;VIA MARIN FALIERO 50;37100;0454858682;info@homeinnovation;;7;23-05-2019;INFORMATICA;46.51;Commercio all'ingrosso di computer, apparecchiature informatiche periferiche e di software
2079;AZIENDA;VI.BE.MAC. S.P.A.;SAN GIOVANNI LUPATOTO;VR;ITALIA;VIA MONTE PASTELLO, 7/I;37057;0458778151;accounting@vbm-grp.com;;;23-05-2019;COSTRUZIONE DEL MEZZO;;
143902;AZIENDA;FABBRIS MOTO SNC;VERONA;VR;ITALIA;VIA DON GREGORIO SEGALA 42;37100;0458902408 ;amministrazione@fabbrismoto.com;www.fabbrismoto.com;2;09-07-2019;;45.40.30;Manutenzione e riparazione di motocicli e ciclomotori (inclusi i pneumatici)
32113;AZIENDA;TECNOLOGIE SRL;GREZZANA;VR;ITALIA;VIA DELL'INDUSTRIA 11;37023;3497782095;info@computerverona.it;www.computerverona.it;1;20-05-2019;INFORMATICA;95.11;Riparazione di computer e periferiche
87722;AZIENDA;PAYANINI SRL;DOLCE';VR;ITALIA;VIA 1 MAGGIO 141AB;37020;0456888404;info@payanini.com;www.payanini.com;43;20-05-2019;LOGISTICA;23.70.1;Segagione e lavorazione delle pietre e del marmo
143814;AZIENDA;GIZERO ENERGIE SRL;VERONA;VR;ITALIA;VIA DELL'ARTIGIANATO 11;37100;0454851723;amministrazione@gizeroenergie.it;www.gizeroenergie.it;4;04-07-2019;;74.90.93;Altre attivit� di consulenza tecnica nca
88388;AZIENDA;TECNO P.A. SRL;SAN MARTINO BUON ALBERGO;VR;ITALIA;VIA G.CABOTO,16;37036;0458799196;info@tecno-pa.it;www.tecno-pa.it;5;;;43.21.01;Installazione di impianti elettrici in edifici o in altre opere di costruzione (inclusa manutenzione
65298;AZIENDA;SMART SOLUTIONS SRL;BUSSOLENGO;VR;ITALIA;VIA BETTELONI 4;37012;0459582377;ammimistrazione@smartsolution.srl;www.riphone.it;4;23-05-2019;;47.42;Commercio al dettaglio di apparecchiature per le telecomunicazioni e la telefonia in esercizi specia
114216;AZIENDA;PULIMAC SRL;SAN GIOVANNI LUPATOTO;VR;ITALIA;VIA MONTE PASTELLO;37057;045545026;pulimac@pulimac.it;;15;29-04-2019;;46.69.99;Commercio all'ingrosso di altre macchine ed attrezzature per l'industria, il commercio e la navigazi
55989;AZIENDA;FUTURA SISTEMI SRL;BOVOLONE;VR;ITALIA;VIA SAN GIOVANNI;37051;045510712;info@futurasistemi.it;www.futurasistemi.it;7;10-06-2019;;;
16615;AZIENDA;INFOMAT SERVIZI SRL;OPPEANO;VR;ITALIA;VIA VILLAFONTANA 267/269;37050;0458751526;gianpaolo.scalzotto@infomat.it;www.infomat.it;30;27-05-2019;INFORMATICA;46.51;Commercio all'ingrosso di computer, apparecchiature informatiche periferiche e di software
