TIPO_AZIENDA;RAGIONE_SOCIALE;SITO;N_DIPENDENTI;DATA_CONVENZIONE;CODICE_ATECO;DESC_ATECO
AZIENDA;16 TELEFONIA SAS;;1;;;
AZIENDA;2M SAS DI MARCHESINI P E C;;3;;432201;Installazione di impianti idraulici, di riscaldamento e di condizionamento dell'aria (inclusa manute
AZIENDA;3102 SRL;;;;;
AZIENDA;3C ELABORAZIONE DATI S.R.L.;;20;;;
AZIENDA;4 FLYING SRL;http://www.4-flying.com/;;;181300;Lavorazioni preliminari alla stampa e ai media
AZIENDA;4 SERVICE SOLUTION SRL;www.4servicesolution.it;9;16/05/2019;6201;Produzione di software non connesso all'edizione
AZIENDA;6 COM SRL;;12;06/05/2019;93293;Sale giochi e biliardi
AZIENDA;A VARITT SRL;www.varitt.it;;06/04/2019;61901;Erogazione di servizi di accesso ad internet (ISP)
AZIENDA;A.A. AUTOMATISMI ANTIFURTI SRL;http://www.aaverona.it;2;;46473;Commercio all'ingrosso di articoli per l'illuminazione  materiale elettrico vario per uso domestico
AZIENDA;A.A.T.C. AND CO S.R.L.;WWW.AATC.IT;;;;
AZIENDA;A.ESSE IMPIANTI S.R.L.;www.aesseimpianti.it;;;;
ASSOCIAZIONE;A.P.S. CUCINAVERARTE;;;;;
AZIENDA;A.R. ELETTRONIC SAS DI RENON A. & C;www.arelectronic.com;;;;
AZIENDA;A.T.E. SRL;;65;;222999;
AZIENDA;A.T.M. SAS DI AIANI CLAUDIO & C.;;10;;251100;Fabbricazione di strutture metalliche e parti assemblate di strutture
AZIENDA;ABATEL SNC;http://www.abatel.it/;2;;464310;Commercio all'ingrosso di elettrodomestici, di elettronica di consumo audio e video
AZIENDA;ABC...STUDI SRL;WWW.ABCSTUDI.COM;5;;;
AZIENDA;ABERFOND SRL;aberfond.com;15;;;
AZIENDA;ABISIT SRL;www.absit.it;4;;;
AZIENDA;ABRASIVI ADRIA SRL;www.abrasiviadria.com;85;03/04/2018;20594;Fabbricazione di prodotti chimici vari per uso industriale (inclusi i preparati antidetonanti e anti
AZIENDA;ACCENTURE S.P.A.;www.accenture.com;500;;;
AZIENDA;ACCIAIERIE DI VERONA;;350;14/03/2018;241000;Siderurgia - Fabbricazione di ferro, acciaio e ferroleghe
AZIENDA;ACI SNC DI GANGI ELEONORA L.C.;;7;;261109;Fabbricazione di altri componenti elettronici
AZIENDA;ACLI PROVINCIALI DI VERONA;www.acliverona.it;4;24/05/2019;949910;Attività di organizzazioni per la tutela degli interessi e dei diritti dei cittadini
AZIENDA;ACRAM S.R.L.;http://www.acram.it;;;;
AZIENDA;ADAMI AUTOTRASPORTI S.P.A.;www.adamitrasporti.com;;;;
AZIENDA;ADAMI TECNICA BILIARDI SRL;www.adamibiliardi.com;5;;920002;Gestione di apparecchi che consentono vincite in denaro funzionanti a moneta o a gettone
AZIENDA;ADD VALUE S.P.A.;;;;;
AZIENDA;AELLE DI ORIANA TODESCO;aelleverona.it;;;;
AZIENDA;AEMMETEL S.R.L.;www.aemmetel.com;5;;;
ENTE PUBBLICO;AERONAUTICA - 3° STORMO VILLAFRANCA;;;;;
AZIENDA;AERRE SISTEMI ELETTRONICI;;;;;
AZIENDA;AFTECH SAS DI FERRARI ALBERTO;;;;;
AZIENDA;AGEC AZIENDA GESTIONE EDIFICI COMUNALI DEL COMUNE DI VERONA;;505;15/05/2019;562910;Mense
AZIENDA;AGRATI-FSP SRL;;52;10/05/2019;46741;Commercio all'ingrosso di articoli in ferro e in altri metalli (ferramenta)
AZIENDA;AGRICOLA ITALIANA ALIMENTARE  SPA;;695;;109100;Produzione di mangimi per l'alimentazione degli animali da allevamento
AZIENDA;AGRICOLA RIPARAZIONE S.N.C.;;5;;331260;Riparazione e manutenzione di trattori agricoli
AZIENDA;AGRILAND 24 SRL;;2;27/05/2019;47919;
AZIENDA;AGRISERVICE 2016 SRL;www.agriservicespa.it;12;;;
AZIENDA;AGSM VERONA SPA;http://www.agsm.it/;;;;
AZIENDA;AIDI SRL;www.aidisrl.it;9;;466999;
AZIENDA;AITEMA S.R.L.;;2;;;
AZIENDA;AL.BO 2 SRL;;10;;432201;Installazione di impianti idraulici, di riscaldamento e di condizionamento dell'aria (inclusa manute
AZIENDA;ALBA TECNOLOGY SOC COOP;;6;;387596;
AZIENDA;ALBI DI ALBI GIUSEPPE;www.camperallestimenti.it;0;;292;FABBRICAZIONE DI CARROZZERIE PER AUTOVEICOLI, RIMORCHI E SEMIRIMORCHI
AZIENDA;ALCOFER S.R.L.;tuttoferramenta.it;;22/05/2019;;
AZIENDA;ALDEBRA S.P.A.;www.aldebra.com/it/soluzioni-informatiche;;;;
AZIENDA;ALFA SERVICE S.R.L.;www.alfaservice.it;3;;;
AZIENDA;ALL SERVICES  SRL;http://www.all-services.it/;;;;
AZIENDA;ALOISI ANDREA;;;;351907;
AZIENDA;ALPEGO S.P.A.;www.alpego.com;86;;28309;Fabbricazione di altre macchine per l'agricoltura, la silvicoltura e la zootecnia
AZIENDA;ALTURAS SISTEMI S.R.L.;www.alturas.it;;;;
AZIENDA;AMBROSI IMPIANTI SNC;;4;;432101;Installazione di impianti elettrici in edifici o in altre opere di costruzione (inclusa manutenzione
AZIENDA;AMBROSI MATTEO;;1;;;
AZIENDA;AMIA - AZIENDA MULTISERVIZI DI IGIENE AMBIENTALE DI VERONA;www.amiavr.it;600;;382109;Trattamento e smaltimento di altri rifiuti non pericolosi
AZIENDA;AMT AZIENDA MOBILITA' E TRASPORTI S.P.A.;www.amt.it;53;27/05/2019;522125;
AZIENDA;ANDERLONI ARREDAMENTI;www.anderloniarredamenti.it;;;;
AZIENDA;ANDREA BURATO CONSULENZE INFORMATICHE;;1;;;
AZIENDA;ANDREA GNESATO;www.zeta.uno;;;;
AZIENDA;ANDREA IMPIANTI DI TEZZA ANDREA;;8;09/04/2018;432101;Installazione di impianti elettrici in edifici o in altre opere di costruzione (inclusa manutenzione
AZIENDA;ANODALL EXTRUSION S.P.A.;www.anodallgroup.com;;;;
AZIENDA;ANS;www.ansystem.eu;;;9511;Riparazione di computer e periferiche
AZIENDA;ANT SRL;www.antsrl.eu;;;;
AZIENDA;ANTICA TRATTORIA DA BEPI SNC;www.anticatrattoriadabepi.it;;;;
AZIENDA;ANTICHITA' SAVI DI SAVI GIUSEPPE;;;;;
AZIENDA;ANTOLINI TRASPORTI SPEDIZIONI SRL;;48;10/06/2019;4941;Trasporto di merci su strada
AZIENDA;AP CONSULTING  S.R.L.;www.apconsulting.net;10;;620200;Consulenza nel settore delle tecnologie dell'informatica
AZIENDA;AQUEST SRL;;;;;
AZIENDA;ARALDO SRL;http://www.araldoartedelgusto.it/;;;;
AZIENDA;ARBETTI MOTORS S.R.L.;;20;;452020;Riparazione di carrozzerie di autoveicoli
AZIENDA;ARCA PROGETTI SRL;http://www.veia.it/;;;;
AZIENDA;ARCA SPA;www.arcaricambi.it;14;;4532;Commercio al dettaglio di parti e accessori di autoveicoli
AZIENDA;ARCANET S.R.L.;https://arcanetsrl.it/;;;;
AZIENDA;ARCESE TRASPORTI SPA;;919;23/05/2019;494100;Trasporto di merci su strada
AZIENDA;ARCHITETTO QUIRINALI GIAMPAOLO;www.giampaoloquirinali.com;;;711100;
AZIENDA;ARCHIVA S.R.L.;archivagroup.it;;;;
ENTE PUBBLICO;ARCHIVIO DI STATO;http://www.archiviodistatoverona.beniculturali.it;;;;
AZIENDA;ARDA S.P.A.;www.arda.it;;;;
AZIENDA;ARDUINI & NERBOLDI;www.eurodiesel.it;50;02/02/2016;;
AZIENDA;ARDUINI E NERBOLDI SRL;;57;20/05/2019;452010;Riparazioni meccaniche di autoveicoli
AZIENDA;AROMI S.R.L.;;;;;
AZIENDA;ARTE PASTAIA SRL;http://www.artepastaia.it/contatti.html;;;;
AZIENDA;ARTIGIANA NEW DI PERTILE RENATO;;;23/05/2019;2711;Fabbricazione di motori, generatori e trasformatori elettrici
AZIENDA;ASD FOOTBALL FOR FUN;www.footballforfun.it;8;;931910;Enti e organizzazioni sportive, promozione di eventi sportivi
AZIENDA;ASD NOI LA SORGENTE;www.asdnoisorgente.it;;;;
ASSOCIAZIONE;ASD TEAM BMX VERONA;;;;;
AZIENDA;ASS.BANCO ALIMENTARE DELVENETO ONLUS;www.bancoalimentare.it/it/veneto;2;;960909;
AZIENDA;ASSALI STEFEN SRL;http://www.assalistefen.com/ita/index.php;;03/12/2015;;
AZIENDA;ASSOCIAZIONE NAZIONALE MUTILATI ED INVALIDI CIVILI DI VERONA;www.anmicverona.org;2;23/05/2019;;
AZIENDA;ASSOCIAZIONE SPORTIVA DILETTANTISTICA;;;;93;
ASSOCIAZIONE;ASSOCIAZIONE VERONA FABLAB;www.veronafablab.it;3;08/01/2019;949920;Attività di organizzazioni che perseguono fini culturali, ricreativi e la coltivazione di hobby
ASSOCIAZIONE;ASSOCIAZIONE 'VOLEREVOLARE ONLUS';;3;;;
AZIENDA;ATIMAR SAS;;13;;;
AZIENDA;ATTUA S.R.L.;www.attua.it;4;09/05/2019;6201;Produzione di software non connesso all'edizione
AZIENDA;AUDIO SERVICE MULTIMEDIA DI COMPAROTTO STEFANO;audioservicevr.com;1;;;
AZIENDA;AUDIO VIDEO VERONA;;;;;
AZIENDA;AUDIOVIDEOTECNICA S.N.C.;www.audiovideotecnica.it;4;;;
AZIENDA;AUDIOVIDEOVERONA SERVICE SNC;www.audiovideoveronaservice.it;;;;
ENTE PUBBLICO;AULSS 9  SCALIGERA VERONA;https://www.aulss9.veneto.it/;;30/05/2015;;
AZIENDA;AUTECHNO SAS;www.autechno.it;4;;;AUTOMAZIONE INDUSTRIALE
AZIENDA;AUTO ZUG SERVICE SRLS;;;02/05/2019;;
AZIENDA;AUTODESI SNC;;;;;
AZIENDA;AUTOFFICINA DE TOGNI SRL;www.detogniauto.it;14;13/03/2019;45201;Riparazioni meccaniche di autoveicoli
AZIENDA;AUTOFFICINA MARCAZZAN FLAVIO;;;;452010;
AZIENDA;AUTOFFICINA POIANA RAFFAELE;;;03/12/2015;;
AZIENDA;AUTOFFICINA R & B S.A.S;;;;;
AZIENDA;AUTOFFICINA SGANZERLA MAURIZIO;;5;24/06/2019;;
AZIENDA;AUTOMAH S.R.L.;www.automah.it;17;;332003;Installazione di strumenti ed apparecchi di misurazione, controllo, prova, navigazione e simili (inc
AZIENDA;AUTOPRESTIGE SRL;www.autoprestigeverona.it;;;;
AZIENDA;AUTORICAMBI COSTA DI COSTA GIUSEPPE;;;;453200;
AZIENDA;AUTORICAMBI RACING SRL;;;10/05/2019;;
AZIENDA;AUTORIPARAZIONI SGANZERLA MASSIMO;;2;;452010;Riparazioni meccaniche di autoveicoli
AZIENDA;AUTOSCUOLA ARENA DI MARTORANA BENEDETTO E C. SAS;;;23/05/2019;8553;Attività delle scuole guida
AZIENDA;AUTOTEAM SPA;www.autoteam.it;70;;451101;Commercio all'ingrosso e al dettaglio di autovetture e di autoveicoli leggeri
AZIENDA;AUTOTRASPORTI BOMMARTINI SRL;www.bommartini.it;135;01/06/2019;4941;Trasporto di merci su strada
AZIENDA;AUTOTRASPORTI CORSI GIUSEPPE;;4;;494100;Trasporto di merci su strada
AZIENDA;AUTOTRASPORTI CTV VERONA S.R.L.;www.ctvtrasporti.it;;;;
AZIENDA;AUTOTRASPORTI DETO.VE SRL;;5;;4941;Trasporto di merci su strada
AZIENDA;AUTOTRASPORTI TEZZA CLEMENTE SRL;www.tezzaautotrasporti.it;18;10/05/2019;4941;Trasporto di merci su strada
AZIENDA;AUTOTRASPORTI TURATTI;;;;;
AZIENDA;AUTOTRASPORTI VARONE DOMENICO;;;;;
AZIENDA;AVESANI DARIO IMPIANTI ELETTRICI;http://www.impiantielettriciavesani.it/index.html;;15/02/2016;;
AZIENDA;AVV.ALBERTO POGGI;;1;;;
AZIENDA;AVV.FRANCESCA PASETTO;;;;;
AZIENDA;AVV.MIRKO ZAMBALDO;;;;;LEGALE
AZIENDA;AVVOCATO AUDISIO ANTONELLA;;;;;
AZIENDA;AZIENDA AGRICOLA AMBROSI S.S.;;;;;
AZIENDA;AZIENDA AGRICOLA POGGI GIORGIO;www.cantinepoggi.com;6;04/05/2018;12100;Coltivazione di uva
AZIENDA;AZIENDA VINICOLA FARINA SRL;www.farinawines .com;13;;;
AZIENDA;B! SPA;;;;;
AZIENDA;B&C LAVORAZIONI INOX SAS;;2;;;CARPENTERIA METALLICA
AZIENDA;B.F. AUTOMATION SRL;www.bfautomation.it;15;;432101;Installazione di impianti elettrici in edifici o in altre opere di costruzione (inclusa manutenzione
AZIENDA;BALZARIN S.R.L.;www.balzarin.com;18;;255000;Fucinatura, imbutitura, stampaggio e profilatura dei metalli  metallurgia delle polveri
AZIENDA;BCUBE;www.bcube.net;;26/06/2019;2222;Fabbricazione di imballaggi in materie plastiche
AZIENDA;BDF TRANS SRL;www.bdftrans.it;;;;
AZIENDA;BDX SOUND PRODUCTS DI GIANNINI CARLO;www.bdxsound.com;2;;46431;Commercio all'ingrosso di elettrodomestici, di elettronica di consumo audio e video
AZIENDA;BE DIFFERENT SRL;;14;27/05/2019;600100;
AZIENDA;BEDIGITAL S.R.L.;www.bedigital.it;7;12/04/2018;620909;Altre attività dei servizi connessi alle tecnologie dell'informatica nca
AZIENDA;BEDONI SRL;;4;;692013;Servizi forniti da revisori contabili, periti, consulenti ed altri soggetti che svolgono attività i
AZIENDA;BENBOLTS DI BENCINI SRL;www.benbocts.it;14;;;
AZIENDA;BENCAR AUTO;;;;;
AZIENDA;BENDAZZOLI LUCIO IMPIANTI ELETTROTECNICI;;;;;
AZIENDA;BENEDETTI GABRIELE ASSISTENZA TECNICA;;;;952201;Riparazione di elettrodomestici e di articoli per la casa
AZIENDA;BERGEN S.R.L.;www.bergen.it;;;;
AZIENDA;BERNER SPA;www.berner.it;360;01/06/2019;46741;Commercio all'ingrosso di articoli in ferro e in altri metalli (ferramenta)
AZIENDA;BERTI AUTOTRASPORTI SRL;berti autotrasporti;61;;4941;Trasporto di merci su strada
AZIENDA;BERTI MACCHINE AGRICOLE SPA;http://www.bertima.it/it/index.php;74;07/05/2019;283090;Fabbricazione di altre macchine per l'agricoltura, la silvicoltura e la zootecnia
AZIENDA;BERTON MOBILI SNC DI FELIVE E MARCO;;6;;310910;Fabbricazione di mobili per arredo domestico
AZIENDA;BETTELLI STUDIO ASSOCIATO;;4;;692011;Servizi forniti da dottori commercialisti
AZIENDA;BIEMME COMPUTERS S.R.L.;http://www.biemmecomputers.it/;;14/01/2016;;
AZIENDA;BIOLO TRASPORTI SRL;;21;;;
AZIENDA;BIOMEDICALE SRL;http://www.biomedicale.bio/;;;331303;Riparazione e manutenzione di apparecchi elettromedicali, di materiale medico-chirurgico e veterinar
AZIENDA;BIONDAN S.P.A.;http://www.biondan.it/;;;23702;Lavorazione artistica del marmo e di altre pietre affini, lavori in mosaico
AZIENDA;BIROLLI F & C SNC;;6;;;ALIMENTARI ARTIGIANATO
AZIENDA;BISSOLI F.LLI SRL;www.bissolicarrozzeria.it;10;;45202;Riparazione di carrozzerie di autoveicoli
AZIENDA;BLUE DISTRIBUTION SRL;www.bluedistribution.com;33;;464240;Commercio all'ingrosso di calzature e accessori
AZIENDA;BLUE MILK SRL;;;20/05/2019;;
AZIENDA;BMQUADRO SRL;www.bmquadro.it;1;13/03/2019;620909;Altre attività dei servizi connessi alle tecnologie dell'informatica nca
AZIENDA;BONFERRARO SPA;http://www.smeg.it/negozi/bonferraro/;;;275100;Fabbricazione di elettrodomestici
AZIENDA;BORASO STEFANO IMPIANTI ELETTRICI;;1;;;
AZIENDA;BOSCAINI SCARPE SRL;;26;;464240;
AZIENDA;BPS COMPUTER SRL;www.bpscomputer.it;;14/05/2019;474100;Commercio al dettaglio di computer, unità periferiche, software e attrezzature per ufficio in eserc
AZIENDA;BREMBENET;;;;;
AZIENDA;BRIO S.P.A.;www.biospa.com;41;;46392;Commercio all'ingrosso non specializzato di altri prodotti alimentari, bevande e tabacco
AZIENDA;BRUGI S.P.A.;www.brugi.it;;;;
AZIENDA;BRUNELLI ROBERTA VIAGGI;www.robertaviaggi.com;1;;;
AZIENDA;BRUNO SRL;www.brunosrl.net;57;;4631;Commercio all'ingrosso di frutta e ortaggi freschi o conservati
AZIENDA;BRUTTI LORENZO S.R.L.;;37;;432101;Installazione di impianti elettrici in edifici o in altre opere di costruzione (inclusa manutenzione
AZIENDA;BUE FRANCESCA;;;;960904;Servizi di cura degli animali da compagnia (esclusi i servizi veterinari)
AZIENDA;BUSATO MORENO;;;;952100;Riparazione di prodotti elettronici di consumo audio e video
AZIENDA;C.E.R. CONSORZIO ELETTROTECNICI RIUNITI;;;;432101;Installazione di impianti elettrici in edifici o in altre opere di costruzione (inclusa manutenzione
AZIENDA;C.I.E. SRL;http://www.cieimpiantielettricivr.com/;;;;
AZIENDA;C.L. TECH SRL;;;;;
AZIENDA;C.L.TECH SRL;www.cltechsrl.it;5;24/05/2019;;
AZIENDA;C.O.D. GROUP;www.codgroup.it;3;27/05/2019;464500;Commercio all'ingrosso di profumi e cosmetici
AZIENDA;C.P. SRL DI CUBI L. E PERINA G.;http://cubiperina.it/;;;;
AZIENDA;CAB LOG S.R.L.;;;13/05/2019;;
AZIENDA;CAD & CO SAS;;2;;;
AZIENDA;CAD IT SPA;www.caditgroup.com;491;23/05/2018;6201;Produzione di software non connesso all'edizione
AZIENDA;CALIBER SRL;www.calibersrl.it;14;;4391;Realizzazione di coperture
AZIENDA;CALZEDONIA S.P.A.;www.calzedonia.com;750;;464230;Commercio all'ingrosso di camicie, biancheria intima, maglieria e simili
AZIENDA;CALZOLERIA LA RAPIDA;;;;952300;Riparazione di calzature e articoli da viaggio in pelle, cuoio o in altri materiali simili
AZIENDA;CAMON SPA;www.camon .it;90;28/05/2019;46499;Commercio all'ingrosso di vari prodotti di consumo non alimentare nca
AZIENDA;CAMPEGGIO SPIAGGIA D'ORO S.R.L.;www.campingsiaggiadoro.com;8;;553000;Aree di campeggio e aree attrezzate per camper e roulotte
AZIENDA;CANEVAWORLD RESORT SRL;www.canevaworld.it;;;;
AZIENDA;CANGRANDE SAS DI BRIGHENTI G & C;www.cangrandeauto.it;8;;829999;Altri servizi di sostegno alle imprese nca
AZIENDA;CARRARO NICOLA;;;;;
AZIENDA;CARROZZERIA IMPERIA;;;;;
AZIENDA;CASA DI RIPOSO B. ALBERTINI;wwwcralbertini.it;;31/05/2019;;
AZIENDA;CASAESPORT DI LAURA BELTRAME;www.casaesport.it;1;;475999;Commercio al dettaglio di altri articoli per uso domestico nca
AZIENDA;CASAGRANDE ELETTROCOSTRUZIONI S.P.A.;;;;;
AZIENDA;CASSIANI TECNOLOGIE SRL;www.cassianitecnologie.it;7;;282992;Fabbricazione di macchine per la pulizia (incluse le lavastoviglie) per uso non domestico
AZIENDA;CAZZADOR IMPIANTI ELETTRICI;;;18/05/2019;432101;Installazione di impianti elettrici in edifici o in altre opere di costruzione (inclusa manutenzione
AZIENDA;CENIGOMMA SRL UNIPERSONALE;www.arroweld.it;48;;;
AZIENDA;CENTRO AUTO E FUORISTRADA S.R.L.;;50;;;
AZIENDA;CENTRO FORMAZIONE EXTRA SCOLASTICA E CULTURALE IO COMPUTER;www.io-computer.it;2;;;
AZIENDA;CENTRO RICAMBI VERONA SRL;;;29/01/2015;;
AZIENDA;CENTRO UFFICIO S.N.C.;www.centroufficio.it/;7;22/05/2019;;
AZIENDA;CENTROFER STIZZOLI S.R.L.;www.centrofer.it;20;;47199;Empori ed altri negozi non specializzati di vari prodotti non alimentari
AZIENDA;CERPELLONI  S.R.L.;;5;;432201;Installazione di impianti idraulici, di riscaldamento e di condizionamento dell'aria (inclusa manute
AZIENDA;CERPELLONI GIOVANNI (DITTA INDIVIDUALE);;;;432201;Installazione di impianti idraulici, di riscaldamento e di condizionamento dell'aria (inclusa manute
AZIENDA;CESPED S.P.A.;www.cesped.it;;;;
AZIENDA;CGIL CAMERA DEL LAVORO TERRITORIALE DI VERONA;www.cgilverona.it;30;;942000;Attività dei sindacati di lavoratori dipendenti
AZIENDA;CHIARINI AUTOMAZIONI S.R.L. A SOCIO UNICO;www.chiariniautomazioni.it;10;;;
AZIENDA;CIAT ITALIA SRL;www.cipriani-phe.com;;;;
AZIENDA;CICE CENTRO ITALO-IRANIANO DI COOPERAZIONE CULTURALE ED ECONOMICA;cice.eu;1;;829999;Altri servizi di sostegno alle imprese nca
AZIENDA;CIEMME  SAS;;1;;;
AZIENDA;CIESSE SPA;www.ciessespa.it;100;;;
AZIENDA;CIN CIN BAR DI CHIARAMONTE MONICA;;2;17/05/2018;;
AZIENDA;CINQUANTA SRL;;;;;
AZIENDA;CIRCOLO IPPICO PULE ASD;circoloippicopule.it;2;;;
AZIENDA;CITTA' DEL SOLE S.R.L.;;;;;
AZIENDA;CIZETA SOCIETA' AGRICOLA SEMPLICE;;4;06/07/2018;13;RIPRODUZIONE DELLE PIANTE
ASSOCIAZIONE;CLUBTI-TRIVENETO;;;;;
AZIENDA;CLX EUROPE SPA;www.clxeurope.com;157;;;
AZIENDA;CM TRASPORTI SRL;;;07/05/2019;375432;
AZIENDA;COLOMBO 3000 DI LINO MASSAGRANDE;http://colombo3000.com/;5;14/01/2016;741021;Attività dei disegnatori grafici di pagine web
AZIENDA;COLOMBO 3000 SRL;www.colombo3000.com;6;23/03/2018;6201;Produzione di software non connesso all'edizione
AZIENDA;COLORIFICIO A E B CASATI SPA;;67;;;
AZIENDA;COMBICARGO SRL;;4;;4941;Trasporto di merci su strada
AZIENDA;COMET SPA;;27;;;
AZIENDA;COMITATO BENEFICO SOMMAVIVA;;;;949990;Attività di altre organizzazioni associative nca
AZIENDA;COMITEL SRL;http://www.comitel.com/;;18/05/2019;;
AZIENDA;COMM.INTERLOGISTICA SRL;;123;;522922;Servizi logistici relativi alla distribuzione delle merci
AZIENDA;COMPITALIA SRL;http://www.compitalia.eu/;2;;474100;Commercio al dettaglio di computer, unità periferiche, software e attrezzature per ufficio in eserc
AZIENDA;COMPU-NET SRL;www.compu-net.it;;28/05/2019;4651;Commercio all'ingrosso di computer, apparecchiature informatiche periferiche e di software
AZIENDA;COMPUTER OMNIA DI SANTAGIULIANA FABIO;;;;;
AZIENDA;COMPUTERS CENTER S.N.C.;http://www.computerscenter.com;11;;;
ENTE PUBBLICO;COMUNE DI BADIA CALAVENA;;10;;841110;Attività degli organi legislativi ed esecutivi, centrali e locali  amministrazione finanziaria  amm
ENTE PUBBLICO;COMUNE DI BOVOLONE;www.bovolone.gov.it;76;14/05/2018;841110;Attività degli organi legislativi ed esecutivi, centrali e locali  amministrazione finanziaria  amm
ENTE PUBBLICO;COMUNE DI BUSSOLENGO;;110;;841110;Attività degli organi legislativi ed esecutivi, centrali e locali  amministrazione finanziaria  amm
ENTE PUBBLICO;COMUNE DI CALDIERO;www.comune.caldiero.vr.it;19;;;
AZIENDA;COMUNE DI CAVAION VERONESE;www.comunecavaion.it;24;;;
ENTE PUBBLICO;COMUNE DI NEGRAR;comunenegrar.it;;;;
ENTE PUBBLICO;COMUNE DI PESCHIERA;;42;;;
ENTE PUBBLICO;COMUNE DI SAN GIOVANNI LUPATOTO;www.comune.sangiovannilupatoto.vr.it;;29/12/2015;;
ENTE PUBBLICO;COMUNE DI SAN PIETRO IN CARIANO;www.comune.sanpietroincariano.vr.it;;;841110;Attività degli organi legislativi ed esecutivi, centrali e locali  amministrazione finanziaria  amm
AZIENDA;COMUNE DI SANT'AMBROGIO DI VALPOLICELLA;www.comune.santambrogio.it;;;841110;Attività degli organi legislativi ed esecutivi, centrali e locali  amministrazione finanziaria  amm
ENTE PUBBLICO;COMUNE DI VERONA;;2009;;841110;Attività degli organi legislativi ed esecutivi, centrali e locali  amministrazione finanziaria  amm
AZIENDA;COMUNE DI ZEVIO;www.comune.zevio.vr.it;;;;
AZIENDA;CONSOLINI ERMANNO;;;;;
AZIENDA;CONSORZIO AGRARIO DEL NORD EST;http://www.agrinordest.it/;;17/12/2015;;
AZIENDA;CONSORZIO GOLDBERG GESTIONI SOCIETA' COOPERATIVA;;14;;;
AZIENDA;CONSORZIO ZAILOG;www.zailog.it;3;;;
AZIENDA;CONTI SISTEMI VERONA SRL;www.conti-sistemi.com;5;09/05/2019;432101;Installazione di impianti elettrici in edifici o in altre opere di costruzione (inclusa manutenzione
AZIENDA;COOP. SERVICE SOCIETA' COOPERATIVA;www.coopservice.info;15;12/12/2018;522440;Movimento merci relativo ad altri trasporti terrestri
COOPERATIVA;COOPERATIVA SOCIALE GALILEO SCARL;;126;28/04/2018;822;ATTIVITÀ DEI CALL CENTER
COOPERATIVA;COOPERATIVA SOCIALE SI-FA;www.si-fa.com;30;27/05/2019;;
;COPYGRAPH SRL;www.copygraph.it;15;;;
ASSOCIAZIONE;CORPO BANDISTICO COMUNE DI NEGRAR;www.bandanegrar.it;55;;;
AZIENDA;CORRA' SICUREZZA S.R.L.;;;;;
AZIENDA;CORRADI CARLO CARPENTERIA METALLICA;;3;20/05/2019;251100;Fabbricazione di strutture metalliche e parti assemblate di strutture
AZIENDA;CORRADO BENEDETTI SRL;www.corradobenedetti.it;2;20/05/2019;47291;Commercio al dettaglio di latte e di prodotti lattiero-caseari
AZIENDA;CORSI S.P.A.;www.corsispa.it;;;;
AZIENDA;CORSINI COMMERCIO CANCELLERIA SRL;http://www.corsinioffice.it/;30;;46491;Commercio all'ingrosso di carta, cartone e articoli di cartoleria
AZIENDA;CORTE GIARA S.R.L.;www.cortegiara.com;38;;;
AZIENDA;COSTRUZIONE METALLICHE BERTAGNOLI RENATO;;13;18/05/2019;2511;Fabbricazione di strutture metalliche e di parti di strutture
AZIENDA;CREACTIVES S.P.A.;;37;20/05/2019;62010;Produzione di software non connesso all'edizione
AZIENDA;CREATIVE ADV SNC;;2;16/10/2017;731101;Ideazione di campagne pubblicitarie
ASSOCIAZIONE;CROCE BIANCA VERONA;;10;13/05/2019;;
AZIENDA;CROCE VERDE PAV VERONA; www.croceverdeverona.org;75;;;
AZIENDA;CSLAB DI CHIARA FRANCESCA STORTI;chiarastorti.it;;;620200;Consulenza nel settore delle tecnologie dell'informatica
AZIENDA;CTM ALTROMERCATO;www.altromercato.it;92;;463920;Commercio all'ingrosso non specializzato di altri prodotti alimentari, bevande e tabacco
AZIENDA;CUSIMANO GIUSEPPE;;4;;;
AZIENDA;CWS SRL;www.cws.it;74;;631111;Elaborazione elettronica di dati contabili (esclusi i Centri di assistenza fiscale - Caf)
AZIENDA;D.E.C.A. SISTEM SRL;http://www.dallora.it/d-e-c-a-system/;15;17/05/2018;2712;Fabbricazione di apparecchiature per le reti di distribuzione e il controllo dell'elettricità
AZIENDA;DA.CA.BO. ANTINCENTIO SAS;;;23/04/2018;;
AZIENDA;DAL BARCO SRL;www.dalbarco.it;17;;;
AZIENDA;DAL CORSO IVO  (DITTA INDIVIDUALE );www.dalcorsoivo.it;;;467329;Commercio all'ingrosso di altri materiali da costruzione
AZIENDA;DALLA PIAZZA S.R.L.;;6;11/06/2019;432101;Installazione di impianti elettrici in edifici o in altre opere di costruzione (inclusa manutenzione
AZIENDA;DARWINNET SRL;www.darwinnet.it;2;;6202;Consulenza nel settore delle tecnologie dell'informatica
AZIENDA;DATA CHECK;www.datacheck.it;10;;63111;Elaborazione dati
AZIENDA;DATEL DI SALADINO SALVATORE;www.datelsistemi.com;4;08/02/2019;432102;Installazione di impianti elettronici (inclusa manutenzione e riparazione)
AZIENDA;DE NALE ANGELO - AUTOFFICINA;;;27/05/2019;45201;Riparazioni meccaniche di autoveicoli
AZIENDA;DELLAS SPA;;98;;257312;Fabbricazione di parti intercambiabili per macchine utensili
AZIENDA;DELTA ERRE SAFE S.R.L.;;14;;263021;
AZIENDA;DEVINTERFACE SRL;www.devinterface.com;2;;;
AZIENDA;DHL GLOBAL FORWARDING SPA;www.dhl.com;222;04/12/2018;522910;Spedizionieri e agenzie di operazioni doganali
AZIENDA;DIALOGO ITALIA S.R.L.;;;;;
AZIENDA;DIELETTRIC S.R.L.;;;29/05/2019;;
AZIENDA;DIEMME DI MELDO DANIELE;www.diemmeimpianti.com;;13/05/2019;432102;Installazione di impianti elettronici (inclusa manutenzione e riparazione)
AZIENDA;DIGITAL IDEA SRL;http://www.digitalidea.it/;;27/05/2019;;
AZIENDA;DIGITAL NETWORK S.R.L.;https://digitalnetwork.it/;15;;773999;Noleggio senza operatore di altre macchine ed attrezzature nca
AZIENDA;DIGITALE FORGE VERONA SRL;DIGITALFORGE.IT;3;02/05/2019;4651;Commercio all'ingrosso di computer, apparecchiature informatiche periferiche e di software
AZIENDA;DIMENSIONE BAGNO;;8;;4322;Installazione di impianti idraulici, di riscaldamento e di condizionamento dell'aria 
AZIENDA;DIRTY WHELLS SNC DI BENINI STEFANO E COATI FEDERICO;;;13/05/2019;454011;Commercio all'ingrosso e al dettaglio di motocicli e ciclomotori
AZIENDA;DISCOS S.R.L.;;;;;
AZIENDA;DKL SOC. COOP.;;;;;
AZIENDA;DLL SYSTEM S.R.L.;;;27/05/2019;;
AZIENDA;DM CONSULTING SRL;ww.dmconsulting.it;8;06/05/2019;63111;Elaborazione dati
AZIENDA;DO DIFFERENT SRL;www.dodifferent.it;12;;600100;
AZIENDA;DOC SERVIZI SOC. COOP.;http://www.docservizi.it;;;900209;Altre attività di supporto alle rappresentazioni artistiche
AZIENDA;DOLPHIN PACK SRL;http://www.dolphinpack.net;;;;
AZIENDA;DOMUS SANA STUDIO;www.domus-sana.it;;25/10/2016;;
AZIENDA;DONATONI MACCHINE SRL;www.donatonimacchine.eu;40;;;
AZIENDA;DOTT.LAURA DI PALMA;;;;;
AZIENDA;DOTTOR MARC SRL;www.dottormarc.it;;20/05/2019;620200;Consulenza nel settore delle tecnologie dell'informatica
AZIENDA;DOUBLER SNC;www.puffverona.it;3;;;
AZIENDA;DS SMITH PACKAGING ITALIA SPA;www.dssmith.com/it/packaging;;04/07/2019;17210;Fabbricazione di carta e cartone ondulato e di imballaggi di carta e cartone (esclusi quelli in cart
AZIENDA;DSV SPA;;65;10/05/2019;52291;Spedizionieri e agenzie di operazioni doganali
AZIENDA;E.B.I. GROUP SPA;http://ebigroup.it/;;;;
AZIENDA;E.D.N. IMPIANTI S.R.L.;www.ednimpianti.it;;;;
AZIENDA;EB NEURO S.P.A.;www.ehneuro.com;58;20/05/2019;23701;Segagione e lavorazione delle pietre e del marmo
AZIENDA;ECO TYPE S.A.S.;www.ecotype.it;;;;
ASSOCIAZIONE;ECONOMICS LIVING LAB;www.econlivlab.eu;;27/05/2019;46722;Commercio all'ingrosso di metalli non ferrosi e prodotti semilavorati
AZIENDA;EDALAB S.R.L.;www.edalab.it;;;;
AZIENDA;EDILE SRL;;5;;681;COMPRAVENDITA DI BENI IMMOBILI EFFETTUATA SU BENI PROPRI
AZIENDA;EDS ELECTRONIC DETECTION SYSTEMS;;;;279009;Fabbricazione di altre apparecchiature elettriche nca
AZIENDA;EDULIFE S.P.A.;www.edulife.it;12;16/05/2019;620100;Produzione di software non connesso all'edizione
AZIENDA;EFFEDI S.A.S.;http://www.effedi.com/;;;;
AZIENDA;E-GLOBALSERVICE SPA;;67;;702209;Altre attività di consulenza imprenditoriale e altra consulenza amministrativo-gestionale e pianifi
AZIENDA;EIS SRL;www.teansistemi.com;16;;;
AZIENDA;EISMANN SIR;www.eismann.it;240;;;
AZIENDA;EL.MED. GARDA S.A.S.;www.elmedgarda.it;12;;;
AZIENDA;ELCOGRAF;www.elcograf.com;919;;181200;Altra stampa
AZIENDA;ELECTRIC GROUP SAS;;3;;432101;Installazione di impianti elettrici in edifici o in altre opere di costruzione (inclusa manutenzione
AZIENDA;ELECTRIC LABS SRL;www.eletriclabs.it;3;;261109;Fabbricazione di altri componenti elettronici
AZIENDA;ELECTRO BS DI HACHEL SABER;www.electro-bs.com;1;;;
AZIENDA;ELECTRO ENERGY SRL;;3;23/05/2019;2733;Fabbricazione di attrezzature per cablaggio
AZIENDA;ELECTRO TEAM S.R.L.;www.electroteamsrl.it;;;;
AZIENDA;ELECTRONIC DESIGN S.A.S.;www.electronicdesign.it;1;;;
CONSORZIO;ELECTRONIC SERVICE ITALIA S.R.L.;http://www.electronicserviceitalia.it/;;16/05/2019;;
AZIENDA;ELETTRASERVICE S.N.C.;;;;;
AZIENDA;ELETTRICA SCALIGERA SAS;www.elettronicascalegera.it;1;;464730;
AZIENDA;ELETTRICALAN DI DI CAPRIO A.;;2;;432101;Installazione di impianti elettrici in edifici o in altre opere di costruzione (inclusa manutenzione
AZIENDA;ELETTRO 2 ERRE SNC;;7;;432101;Installazione di impianti elettrici in edifici o in altre opere di costruzione (inclusa manutenzione
AZIENDA;ELETTRO 81 SRL;www.elettro81.eu;10;24/05/2018;279009;Fabbricazione di altre apparecchiature elettriche nca
AZIENDA;ELETTRODATA SRL;;9;;;
AZIENDA;ELETTROFORTUNA S.R.L.;www.ripara.it;;;;
AZIENDA;ELETTROFRIGO SRL;http://www.elettrofrigo.com;;;;
AZIENDA;ELETTROLAMPO SAS DI BERTASO DAVIDE;;;;;
AZIENDA;ELETTROMECCANICA AMADORI A OFFICINA 33 SRL;;10;;;
AZIENDA;ELETTROMECCANICA BONFANTE SRL;;5;27/05/2019;332001;Installazione di motori, generatori e trasformatori elettrici  di apparecchiature per la distribuzio
AZIENDA;ELETTROMECCANICA GARDESANA SRL;www.elettromeccanicagardesana.it;5;13/05/2019;432909;Altri lavori di costruzione e installazione nca
AZIENDA;ELETTROMECCANICA VENETA S.R.L.;;;;;
AZIENDA;ELETTRORICE;;6;;432101;Installazione di impianti elettrici in edifici o in altre opere di costruzione (inclusa manutenzione
AZIENDA;ELETTROSOUND S.R.L.;www.elettrosoundverona.it;2;;432101;Installazione di impianti elettrici in edifici o in altre opere di costruzione (inclusa manutenzione
AZIENDA;ELETTROSYSTEM   VENERI SILVIO;;;29/03/2018;432101;Installazione di impianti elettrici in edifici o in altre opere di costruzione (inclusa manutenzione
AZIENDA;ELETTROSYSTEM S.R.L.;www.elettro-system.com;8;29/03/2018;432101;Installazione di impianti elettrici in edifici o in altre opere di costruzione (inclusa manutenzione
AZIENDA;ELISSE INFORMATICA DI FLAVIO GIONGO & C. SAS;www.trentinosistemi.it;2;;262;FABBRICAZIONE DI COMPUTER E UNITÀ PERIFERICHE
AZIENDA;ENERGIA-WEB;http://www.webmc2.it/;;13/01/2016;;
AZIENDA;ENERGYZ S.R.L.;www.energyz.it;;;;
AZIENDA;ERMES SRL;www.ermes-vr.it;;15/04/2019;;
AZIENDA;ERNST ABBE GYMNASIUM;;;;;
AZIENDA;ESA  DI SACCONELLI ANDREA;;;;;
AZIENDA;ESOTERIC PRO AUDIO DI MAROGNA MIRKO;www.estericproaudio.com;;27/05/2019;264001;Fabbricazione di apparecchi per la riproduzione e registrazione del suono e delle immagini
AZIENDA;ESSEAELLE SRL;;;;;
AZIENDA;ESSEGI SRL;;16;;;
AZIENDA;ESSEPI PROFESSIONAL SERVICE DI PUVANARATNAM SANGEEVAN;www.essepi.org;1;;;
AZIENDA;E-TIME SRL;www.e-time.it;35;18/05/2019;;
AZIENDA;EU WINGS SRL;;;20/05/2019;;
AZIENDA;EUROELETTRA DI BRANDIELE LUCA;;4;;432101;Installazione di impianti elettrici in edifici o in altre opere di costruzione (inclusa manutenzione
AZIENDA;EUROGROUP ITALIA SRL;www.eurogroupitalia.it;49;;46311;Commercio all'ingrosso di frutta e ortaggi freschi
AZIENDA;EVEREL GROUP S.P.A.;;157;;271200;Fabbricazione di apparecchiature per le reti di distribuzione e il controllo dell'elettricità
AZIENDA;EVIT S.R.L.;www.evitsrl.it;;;829940;Richiesta certificati e disbrigo pratiche
AZIENDA;EWIDE S.R.L.;www.ewide.it;2;;47911;Commercio al dettaglio di qualsiasi tipo di prodotto effettuato via internet
AZIENDA;EXIMAG ART SISTEMI SRL;;;;;
AZIENDA;EXOR INTERNATIONAL S.P.A.;www.exorint.it;;;;
AZIENDA;EXPERT SRL;www.expert-srl.com;16;;28991;Fabbricazione di macchine per la stampa e la legatoria (incluse parti e accessori)
AZIENDA;EXTENSYS SRL;www.extensys.it;5;;;
AZIENDA;F.A.B.I. BANCARI ITALIANI;www.fabiverona.org;2;;;
AZIENDA;FABBRIS MOTO SNC;www.fabbrismoto.com;2;09/07/2019;454030;Manutenzione e riparazione di motocicli e ciclomotori (inclusi i pneumatici)
AZIENDA;FABE S.N.C.;;;;;
AZIENDA;FABER ELETTRONICA S.N.C. DI FATTORI A. E BERTIN C.;http://www.faber-elettronica.it/;;23/05/2019;;
AZIENDA;FAIRMAT SRL;www.fairmat.it ;17;06/05/2019;702;ATTIVITÀ DI CONSULENZA GESTIONALE
AZIENDA;FARMACIA ALL'ALABRO 28;http://farmaciaallalbaro.docinforma.it/;;12/04/2016;;
AZIENDA;FARMACIA ALL'ALBARO;;5;06/04/2018;477310;Farmacie
AZIENDA;FARMACIA CENTRALE  DOTT. SIGNORINI SNC;www.farmaciasignorini.it;19;27/05/2019;47731;Farmacie
AZIENDA;FEDERAL MOGUL ITALY SRL;;;;453101;Commercio all'ingrosso di parti e accessori di autoveicoli
AZIENDA;FEDRIGONI CARTIERE S.P.A.;;;;;
AZIENDA;FELTRE TRASLOCHI DI NEGRETTI SRL;;8;;;
AZIENDA;FEREXPERT SPA;www.ferexpert.it;82;;467410;
AZIENDA;FERRAMENTA PERINELLI;http://www.perinelliforniture.it/it/;;19/12/2015;;
AZIENDA;FERRAMENTA VENETA SRL;www.ferramentaveneta.com;29;;;
AZIENDA;FERRARI BK SRL;;;;;
AZIENDA;FERRARI S.P.A.;;92;;329940;Fabbricazione di casse funebri
AZIENDA;FERROVIE DELLO STATO ITALIANE;;;;;
AZIENDA;FIBERING S.P.A.;www.fiberwide.com;;;;
AZIENDA;FILITECH S.R.L.;;;;;
AZIENDA;FIMAUTO SPA;www.fimautogemelli.it;13;;;
AZIENDA;FINCONS SPA;www.finconsgroup.com;960;;620200;Consulenza nel settore delle tecnologie dell'informatica
AZIENDA;FINE TUNING CONSULENZA INTEGRATA S.R.L.;www.finetuning.it;;;;
AZIENDA;FIORINI E ADAMI S.R.L.;;;;;
AZIENDA;FIORIO SPA;www.fiorio.it;48;;;
AZIENDA;FIUMINI SERGIO E FIGLI S.N.C.;;3;;;
AZIENDA;FLAEM NUOVA SPA;www.flaemnuova.it;100;;266002;Fabbricazione di apparecchi elettromedicali (incluse parti staccate e accessori)
AZIENDA;FLOVER SRL;www.flover.it;50;;477610;Commercio al dettaglio di fiori e piante
UNIVERSITÀ;FONDAZIONE BRUNO KESSLER;http://webvalley.fbk.eu;;;;
AZIENDA;FOR.MECH SRL;;16;20/05/2019;256200;Lavori di meccanica generale
AZIENDA;FOREASYTECH SRL;www.4easytech.com;5;;266002;Fabbricazione di apparecchi elettromedicali (incluse parti staccate e accessori)
AZIENDA;FORNACE S.R.L.;www.fornacestudio.com;5;16/05/2019;741021;Attività dei disegnatori grafici di pagine web
AZIENDA;FORNO BONOMI S.P.A.;www.fornobonomi.com/it/contatti;160;20/05/2019;10720;Produzione di fette biscottate, biscotti  prodotti di pasticceria conservati
AZIENDA;FOTO OTTICA DE FORTUNA SNC;;;27/05/2019;742;ATTIVITÀ FOTOGRAFICHE
AZIENDA;FRA IVA SNC;;2;;;
AZIENDA;FRACAROLLI FLLI SNC;;;13/05/2019;45201;Riparazioni meccaniche di autoveicoli
AZIENDA;FRACCAROLI & BALZAN S.P.A.;www.fraccarolibalzan.it;59;;;
AZIENDA;FRANCHI E TABARELLI SRL;www.franchietabarelli.it;10;02/05/2019;494100;Trasporto di merci su strada
AZIENDA;FRANKE SPA;;300;15/05/2019;255;FUCINATURA, IMBUTITURA, STAMPAGGIO E PROFILATURA DEI METALLI  METALLURGIA DELLE POLVERI
AZIENDA;FRASTE SPA;www.fraste.com;55;;289209;Fabbricazione di altre macchine da miniera, cava e cantiere (incluse parti e accessori)
AZIENDA;FRATELLI LEARDINI S.N.C.;www.leardinielettroimpianti.it;;;;
AZIENDA;FRIGOSCANDIA SPA A SOCIO UNICO;http://www.frigoscandiaspa.it/;;;;
AZIENDA;FROMM PACKAGING AUTOMATION SRL;WWW.FROMM-AUTOMATION.COM;43;14/06/2019;28293;Fabbricazione di macchine automatiche per la dosatura, la confezione e per l'imballaggio (incluse pa
AZIENDA;FRONIUS ITALIA SRL;www.fronius.it;26;;466920;Commercio all'ingrosso di materiale elettrico per impianti di uso industriale
AZIENDA;FUGA ING.FEDERICO;www.studiofuga.com;;;;
AZIENDA;FULCRO SRL UNIPERSONALE;www.fulcro.net;1;23/05/2019;;
AZIENDA;FUSTELLIFICIO ARENA SRL;www.fustellificioarena.it;15;;;
AZIENDA;FUTURA SISTEMI SRL;www.futurasistemi.it;7;10/06/2019;;
AZIENDA;FVS SPA;http://www.fvsspa.com/prodotti;;30/11/2015;;
AZIENDA;G.N.T. DI GULLO NUNZIO;;;;;
AZIENDA;GALIMBERTI SPA;;;;;
AZIENDA;GAMMA UFFICIO SPA;www.gammaspa.it;23;;4666;Commercio all'ingrosso di altre macchine e attrezzature per ufficio
AZIENDA;GARDALAND SRL;www.gardaland.it;202;24/01/2019;932100;Parchi di divertimento e parchi tematici
AZIENDA;GARONZI S.P.A.;www.garonzispa.it;17;;451101;Commercio all'ingrosso e al dettaglio di autovetture e di autoveicoli leggeri
AZIENDA;GAZZANI NEREO;;;;;
AZIENDA;GEA IMAFORNI S.P.A.;www.imaforni.it;211;10/04/2018;289300;Fabbricazione di macchine per l'industria alimentare, delle bevande e del tabacco (incluse parti e a
AZIENDA;GEKO VIAGGI DI GES.CO SRL;www.gekoviaggi.it;5;;7911;Attività delle agenzie di viaggio
AZIENDA;GENERAL DIES SRL;www.generaldies.com;53;;283090;Fabbricazione di altre macchine per l'agricoltura, la silvicoltura e la zootecnia
AZIENDA;GEOM.SQUARANTI MATTIA;;;;;
AZIENDA;GEVA SRL;www.geva-srl.it;25;;;
AZIENDA;GEWIN SRL;www.gewin-informatica.com;13;22/01/2018;6201;Produzione di software non connesso all'edizione
AZIENDA;GHEREG RUSLAN;;1;;;
AZIENDA;GI.GA. PNEUS SNC;;;;;
AZIENDA;GIACOMELLI SRL;www.giacomellisrl;3;;;
AZIENDA;GIADA3 SRL;;2;;740021;
AZIENDA;GIAROLA & VERONESI SNC;;;;432101;Installazione di impianti elettrici in edifici o in altre opere di costruzione (inclusa manutenzione
AZIENDA;GIEFFE DI GOBETTI FABRIZIO;;1;20/05/2019;432101;Installazione di impianti elettrici in edifici o in altre opere di costruzione (inclusa manutenzione
AZIENDA;GIESSE SCAMPOLI SR;www.giessescampoli.com;13;;464110;Commercio all'ingrosso di tessuti
AZIENDA;GIORGI BARBARA;;;;;
AZIENDA;GIR.C.A. SRL;www.gircaitalia;7;12/02/2018;432101;Installazione di impianti elettrici in edifici o in altre opere di costruzione (inclusa manutenzione
AZIENDA;GIRTECH S.R.L.;http://www.girtech.com/;;;;
AZIENDA;GIZERO ENERGIE SRL;www.gizeroenergie.it;4;04/07/2019;749093;Altre attività di consulenza tecnica nca
AZIENDA;GLAXOSMITHKLINE MANUFACTURING S.P.A.;WWW.GSK.COM;570;;212009;Fabbricazione di medicinali ed altri preparati farmaceutici
AZIENDA;GLAXOSMITHKLINE SPA;www.GSK.it;893;;464610;Commercio all'ingrosso di medicinali
AZIENDA;GLOBAL SERVICE IMPIANTI DI CERPELLONI A E C. SNC;;;;432201;Installazione di impianti idraulici, di riscaldamento e di condizionamento dell'aria (inclusa manute
AZIENDA;GP GARAGE;www.gpgarage.it;;27/05/2019;452010;Riparazioni meccaniche di autoveicoli
AZIENDA;GREEN CITY SOC.COOP;www.greencityverona.it;3;;4941;Trasporto di merci su strada
AZIENDA;GREENSOFT SAS;www.grensoft.net;5;;6202;Consulenza nel settore delle tecnologie dell'informatica
AZIENDA;GREENYARD FRESH ITALY SRL;www.greenyardfresh.it;55;;4631;Commercio all'ingrosso di frutta e ortaggi freschi o conservati
AZIENDA;GRUPPO BERTOLASO SPA;www.bertolaso.com;;27/05/2019;2893;Fabbricazione di macchine per l'industria alimentare, delle bevande e del tabacco
AZIENDA;GRUPPO GIOVANNINI SRL;;;;;
AZIENDA;GRUPPO ITALIANO VINI S.P.A.;www.gruppoitalianovini.com;19;;;
AZIENDA;GRUPPO MANARA S.P.A.;www.gruppomanara.com;93;;462122;Commercio all'ingrosso di sementi e alimenti per il bestiame (mangimi), piante officinali, semi oleo
AZIENDA;GRUPPO SINERGIA S.R.L.;www.grupposinergia.net;;;;
AZIENDA;GRUPPO VOLTA SRL;www.gruppovolta.it;6;16/05/2019;6201;Produzione di software non connesso all'edizione
AZIENDA;GUGLIELMI MOBILI SNC;www.guglielmitavoli.it;1;;310910;Fabbricazione di mobili per arredo domestico
AZIENDA;GUIDO BIANCHI & C. SRL;;12;;;
AZIENDA;HANGARTNER TERMINAL S.R.L.;www.logistics.dbsche;;27/12/2018;52101;Magazzini di custodia e deposito per conto terzi
AZIENDA;HASLERRAIL ITALIA SSRL;www.haslerrail.com;70;;332003;Installazione di strumenti ed apparecchi di misurazione, controllo, prova, navigazione e simili (inc
AZIENDA;HAWAI ITALIA S.R.L.;http://www.hawai.it;;;;
AZIENDA;HAXTEEL SRL;www.haxteel.eu;5;18/05/2019;4651;Commercio all'ingrosso di computer, apparecchiature informatiche periferiche e di software
AZIENDA;HI-FI SERVICE;http://www.hifiservicesnc.it/home.htm;;;;
AZIENDA;HIKARI SRL;www.hikari.eu;10;;274009;Fabbricazione di altre apparecchiature per illuminazione
AZIENDA;HINOWA SPA;http://www.hinowa.com/contatti;160;17/12/2015;282202;Fabbricazione di gru, argani, verricelli a mano e a motore, carrelli trasbordatori, carrelli elevato
AZIENDA;HIT INTERNET TECNOLOGIES SRL;http://www.hit.it;26;;6201;Produzione di software non connesso all'edizione
AZIENDA;HOME INNOVATION SRL;;7;23/05/2019;4651;Commercio all'ingrosso di computer, apparecchiature informatiche periferiche e di software
AZIENDA;HOMEPAGE SRL;www.mos80.it;;20/05/2019;;
AZIENDA;HONDA MOTOR EUROPE LOGISTICS NV;;44;01/03/2017;521010;Magazzini di custodia e deposito per conto terzi
AZIENDA;HOTEL BORGHETTI;www.hotelborghetti.com;6;;;
AZIENDA;HOTELGEST SRLS;;;;;
AZIENDA;HT IMPIANTI DI BISSOLI MASSIMILIANO;;4;;432101;Installazione di impianti elettrici in edifici o in altre opere di costruzione (inclusa manutenzione
AZIENDA;HWG SRL;www.hwg.it;19;;620200;Consulenza nel settore delle tecnologie dell'informatica
AZIENDA;HYPHEN - ITALIA S.R.L.;;;;;
AZIENDA;I CON SRL;www.iconservizi.com;1;;;
AZIENDA;I.T.O.  S.R.L.;;;;61100;Telecomunicazioni fisse
AZIENDA;IAMEO GIACOMO SCAVI E LAVORI EDILI;;;;;
AZIENDA;ICI CALDAIE S.P.A.;www.icicaldaie.com;170;05/03/2018;282121;Fabbricazione di caldaie per riscaldamento
AZIENDA;IDEALCOPY SRL;;4;;;
AZIENDA;IDIOMA SERVIZI LINGUISTICI;http://www.idiomaservizilinguistici.com;;;;
AZIENDA;IDRA S.R.L.;www.idraweb.it;54;06/04/2018;467420;Commercio all'ingrosso di apparecchi e accessori per impianti idraulici, di riscaldamento e di condi
AZIENDA;IDRAULICA CIVILE SRLS;;;28/05/2019;432201;Installazione di impianti idraulici, di riscaldamento e di condizionamento dell'aria (inclusa manute
AZIENDA;IDRAULICA FIORINI SRL;;;;;
AZIENDA;IDRO-MAR DI MARAFIOTI NATALE;;;;;
AZIENDA;IEM S.R.L.;www.imimpianti elettrici.com;;23/05/2019;;
AZIENDA;IL POINT SRL;;24;;464630;Commercio all'ingrosso di articoli medicali ed ortopedici
AZIENDA;IL TRUCIOLO SRL;;44;29/04/2019;38323;Recupero e preparazione per il riciclaggio dei rifiuti solidi urbani, industriali e biomasse
AZIENDA;IMAGE SRL;www.imagecreations.it;5;13/06/2019;181300;Lavorazioni preliminari alla stampa e ai media
AZIENDA;IMMOBILIARE LADY G. SRL;;0;;412;COSTRUZIONE DI EDIFICI RESIDENZIALI E NON RESIDENZIALI
AZIENDA;IMPIANTI ELETTRICI FIORINI SANTO;;;;432201;Installazione di impianti idraulici, di riscaldamento e di condizionamento dell'aria (inclusa manute
AZIENDA;IMPRESA BERNARDI CHRISTIAN;;;;433901;Attività non specializzate di lavori edili (muratori)
AZIENDA;INECO AUTO SPA;www.inecoauto.it;34;;451101;Commercio all'ingrosso e al dettaglio di autovetture e di autoveicoli leggeri
AZIENDA;INFIND SRL;;28;07/06/2019;28992;Fabbricazione di robot industriali per usi molteplici (incluse parti e accessori)
AZIENDA;INFO PLUS SRL;;;;;
AZIENDA;INFOGEST SRL;www.infogestsrl.it;15;11/06/2019;620100;Produzione di software non connesso all'edizione
AZIENDA;INFOLAB DATA SRL;ww.infolabdata.it;5;27/03/2019;9511;Riparazione di computer e periferiche
AZIENDA;INFOMAT SERVIZI SRL;www.infomat.it;30;27/05/2019;4651;Commercio all'ingrosso di computer, apparecchiature informatiche periferiche e di software
AZIENDA;INFORMETICA CONSULTING S.R.L.;www.informeticons.com;;;;
AZIENDA;INFOVAL S.R.L.;www.giornalepantheon.it;5;27/12/2018;;
AZIENDA;INFRACOM ITALIA S.P.A.;;;;;
AZIENDA;INFRAMEDIA SRL;www.inframedia.org;6;;;
AZIENDA;ING. POLIN & C. S.P.A.;https://www.polin.it/it/;205;;289300;Fabbricazione di macchine per l'industria alimentare, delle bevande e del tabacco (incluse parti e a
AZIENDA;INNOTEC TECNOLOGIE INNOVATIVE S.R.L.;www.innotecitalia.it;10;;2893;Fabbricazione di macchine per l'industria alimentare, delle bevande e del tabacco
AZIENDA;INNOVAGROUP STABILIMENTO DI ERBE' SRL;www.innovagroup.it;35;;1723;Fabbricazione di prodotti cartotecnici
AZIENDA;INPS - SEDE PROVINCIALE;;;;;
COOPERATIVA;INSIEME COOPERATIVA SOCIALE;www.coopinsiem.it;40;20/05/2019;;
AZIENDA;INTERBETA S.R.L.;;;;;
AZIENDA;INTESYS  S.R.L.;ww.intesys.it;;27/05/2019;6209;Altre attività dei servizi connessi alle tecnologie dell'informatica
SCUOLA;IPSEOA A.BERTI;www.berti.gov.it;198;;853209;Altra istruzione secondaria di secondo grado di formazione tecnica, professionale e artistica
AZIENDA;IRCCS OSPEDALE SACRO CUORE DON CALABRIA;//www.sacrocuore.it;150;;949100;Attività delle organizzazioni religiose nell'esercizio del culto
AZIENDA;IRMIE IMPIANTI S.R.L;;37;;279009;Fabbricazione di altre apparecchiature elettriche nca
AZIENDA;IRRIPLUS SRL;;5;13/06/2019;47524;Commercio al dettaglio di macchine, attrezzature e prodotti per l'agricoltura  macchine e attrezzatu
AZIENDA;ISACCO ROSSI;;;27/05/2019;620100;Produzione di software non connesso all'edizione
AZIENDA;ISANGO SRL;www.isango.it;;;;
AZIENDA;ISAP PACKAGING S.P.A;www.isap-packaging.com;;;;
AZIENDA;ISGROUP SRL;www.isgroup.it;;17/12/2018;6201;Produzione di software non connesso all'edizione
SCUOLA;"ISTITUTO COMPRENSIVO ""A. CESARI""";www.comprensivocesari.gov.it;;;;
SCUOLA;ISTITUTO COMPRENSIVO BOSCO CHIESANUOVA;www.istitutobosco.gov.it;;;;
ENTE PUBBLICO;ISTITUTO NAZIONALE PREVIDENZA SOCIALE;www.inps.it;348;;8430;Assicurazione sociale obbligatoria 
AZIENDA;ITALDES S.R.L.;www.italdes.it;;;;
AZIENDA;ITALFRIGO;www.italfrigo.it;;;;
AZIENDA;ITALIAN FOOD TRADING S.R.L.;www.italianfoodtrading.it;;;;
AZIENDA;ITALMAC S.R.L.;www.italmac.it;;;;
AZIENDA;ITALSPEEDY LOGISTIC SRL;info@italspeedy.com;16;;4941;Trasporto di merci su strada
AZIENDA;ITC SRL;www.itc-verona.com;14;;52291;Spedizionieri e agenzie di operazioni doganali
AZIENDA;ITI MARCONI VERONA;www.marconiverona.gov.it;;;;
AZIENDA;JUMP VERONA SRL;www.jumpverona.it;4;;;
AZIENDA;JUST ITALIA SPA;www.just.it;97;;;Commercio al dettaglio di prodotti vari, mediante l'intervento di un dimostratore o di un incaricato
AZIENDA;KANTAR MEDIA SRL;www.kantarmedia.com;39;;58190;Altre attività editoriali
AZIENDA;KEY ACCESS SRL;www.keyaccess.it;;;;
AZIENDA;KIRATECH SPA;;10;;4651;Commercio all'ingrosso di computer, apparecchiature informatiche periferiche e di software
AZIENDA;KSE SRL ELETTRONICA;www.kse.it;19;;332002;Installazione di apparecchi elettrici ed elettronici per telecomunicazioni, di apparecchi trasmitten
AZIENDA;KSS ITALIA SRL;;163;;293209;Fabbricazione di altre parti ed accessori per autoveicoli e loro motori nca
AZIENDA;KUEHNE + NAGEL SRL;;;27/05/2019;;
AZIENDA;LABONET S.R.L.;www.labonet.org;1;;;
AZIENDA;LACHIVER SERVIZI S.R.L.;www.lachiver.com;11;;749093;Altre attività di consulenza tecnica nca
AZIENDA;LAMBROCCHI ANDREA;;;;62020;Consulenza nel settore delle tecnologie dell'informatica
AZIENDA;LAVASTIR-LEONCINOAIR SRL;;9;;96012;Altre lavanderie, tintorie
AZIENDA;LB DI SONA CRISTINA;http://www.lb-pelletteria.com/;;22/12/2015;;
AZIENDA;LEADERFORM SPA;www.leaderform.com;134;;181200;Altra stampa
AZIENDA;LEM ELETTRONICA SRL;www.lemelettronica.it;18;29/04/2019;264001;Fabbricazione di apparecchi per la riproduzione e registrazione del suono e delle immagini
AZIENDA;LEONI IMPIANTI SRL;;12;15/05/2019;432101;Installazione di impianti elettrici in edifici o in altre opere di costruzione (inclusa manutenzione
AZIENDA;LEOTRON SAS DI GIULIANI A. & C.;www.leotron.com;11;22/05/2019;620909;Altre attività dei servizi connessi alle tecnologie dell'informatica nca
AZIENDA;LEPANTO 2 SRL;www.lepanto.it;34;;;
AZIENDA;LESO ELETTRODOMESTICI  SRL;;86;;47192;Commercio al dettaglio in esercizi non specializzati di computer, periferiche, attrezzature per le t
AZIENDA;LESSINIAFOOD;www.lessiniafood.it;;;;
AZIENDA;LIBRERIA JOLLY DEL LIBRO DI DE SIGNORI CLAUDIO;www.libreriajolly.it;2;03/06/2019;476100;Commercio al dettaglio di libri nuovi in esercizi specializzati
AZIENDA;LICCI LOGISTICA S.R.L;www.licci.it;;;;
AZIENDA;LINPAC PACKAGING VERONA SRL;www.linpac.com;82;29/04/2019;222200;Fabbricazione di imballaggi in materie plastiche
AZIENDA;LO STUDIO LANGUAGE COURSES CAMBRIDGE;;;;;
AZIENDA;LOGISTICA UNO EUROPE SRL;www.logisticauno.com;43;;522922;Servizi logistici relativi alla distribuzione delle merci
AZIENDA;LS SISTEMI DI VIDALI LUCIANO;www.lssistemi.it;1;;;
AZIENDA;LUBLIGHT;;;;;
AZIENDA;LUBTECH S.R.L.;http://www.lubtech.it;1;;721;RICERCA E SVILUPPO SPERIMENTALE NEL CAMPO DELLE SCIENZE NATURALI E DELL'INGEGNERIA
AZIENDA;LUX E PAOLA SRL;;;;;
AZIENDA;LUX METAL SRL;;13;;256200;Lavori di meccanica generale
AZIENDA;M B ACCUMULATORI SRL;www.mbaccumulatori.com;11;20/04/2018;469;COMMERCIO ALL'INGROSSO NON SPECIALIZZATO
AZIENDA;M&M COMPUTER CONSULTING SAS;;1;10/06/2109;262;FABBRICAZIONE DI COMPUTER E UNITÀ PERIFERICHE
AZIENDA;M.C.E. MECCANICA SRL;www.mce-meccanica.com;;20/05/2019;;
AZIENDA;M.G.IMPIANTI DI MANI GRAZIANO;;;;;
AZIENDA;M.S.C.   S.R.L.;;3;;;
AZIENDA;MADA S.R.L.;;;;;
AZIENDA;MAGAZZINI FRIGORIFERI SURGELO SRL;;8;;52102;Magazzini frigoriferi per conto terzi
AZIENDA;MAGI SRL;http://www.magistudio.it/;;;6202;Consulenza nel settore delle tecnologie dell'informatica
AZIENDA;MAKRO LABELLING SRL;http://makrolabelling.it/index.php;;;;
AZIENDA;MAN TRUCK & BUS ITALIA SPA;www.mantrukandbus.it;196;13/05/2019;451902;Intermediari del commercio di altri autoveicoli (incluse le agenzie di compravendita)
AZIENDA;MANNI SIPRE SPA;www.mannisipre.com;;27/05/2019;251100;Fabbricazione di strutture metalliche e parti assemblate di strutture
AZIENDA;MANUTEC S.R.L.;www.manutec.it;;;;
AZIENDA;MANZATO CLAUDIO;mcmanzato.com;;;453101;Commercio all'ingrosso di parti e accessori di autoveicoli
AZIENDA;MARANA FORNI;www.maranaforni.it;28;;;
AZIENDA;MARCHIOL SPA;www.marchiol .com;667;;464730;Commercio all'ingrosso di articoli per l'illuminazione  materiale elettrico vario per uso domestico
AZIENDA;MARKIES SRL;www.palazzodellascala.com;20;;551000;Alberghi
AZIENDA;MARTE S.R.L;www.drexweb.net;;;;
AZIENDA;MARTINI CARLO SNC DI MARTINI VALENTINO E FAGIANI STEFANO & C.;www.martiniascensori.it;11;20/05/2019;432901;Installazione, riparazione e manutenzione di ascensori e scale mobili
AZIENDA;MASSA SAS;www.massa1904.com;6;;467501;Commercio all'ingrosso di fertilizzanti e di altri prodotti chimici per l'agricoltura
AZIENDA;MASTELLA G.&M.SNC;;1;;;
AZIENDA;MAURELLI SPA;;;;;
AZIENDA;MAXSTONE SRL;www.maxstone.it;1;;;
AZIENDA;MAXTECH;;;;;
AZIENDA;MAYA IDEE SRL;www.mayaidee.it;13;25/05/2018;732;RICERCHE DI MERCATO E SONDAGGI DI OPINIONE
AZIENDA;ME.CO IMPIANTI SRL;;;;;
AZIENDA;MEC CAR S.N.C.;;;;;
AZIENDA;MEC STUDIO SRLS;www.mec-studio.it;0;;;
AZIENDA;MECATECK GROUP SRL;http://www.mecatecautomazione.it;;;;
AZIENDA;MECCANICA MURARI SRL;www.meccanicamurari.it;10;;;
AZIENDA;MEDIA &TECH S.R.L.;;;;;
AZIENDA;MEQUADRO DI EMANUELE MAZZI;www.mequadro.it;4;29/04/2019;900201;Noleggio con operatore di strutture ed attrezzature per manifestazioni e spettacoli
AZIENDA;MESAROLI LOGISTICA S.P.A.;www.mesaroli.com;;;;
AZIENDA;METALPOINT SRLS;;12;09/07/2018;251210;Fabbricazione di porte, finestre e loro telai, imposte e cancelli metallici
AZIENDA;METANAUTO GROUP SRL;www.metanautogroup.it;1;;473000;Commercio al dettaglio di carburante per autotrazione
AZIENDA;METIS SOLUTIONS SRL;www.metisnet.it;12;06/04/2018;6201;Produzione di software non connesso all'edizione
AZIENDA;MG LAB SRL;via dell'agricoltura;;27/05/2019;620909;Altre attività dei servizi connessi alle tecnologie dell'informatica nca
AZIENDA;MICROTEK SERVICE DI BRUNO GRECO;;;;620909;Altre attività dei servizi connessi alle tecnologie dell'informatica nca
AZIENDA;MIDAC S.P.A;http://www.midacbatteries.com/it/index.html;496;;272000;Fabbricazione di batterie di pile ed accumulatori elettrici
AZIENDA;MIGROSS SPA;;987;14/03/2018;4711;Commercio al dettaglio in esercizi non specializzati con prevalenza di prodotti alimentari e bevande
AZIENDA;MIOINDIRIZZO SRL;www.avelia.it;7;20/05/2019;;
AZIENDA;MODELLERIA ADIGE;;;;;
AZIENDA;MODENINI SRL;www.modenini.it;8;20/05/2019;452010;Riparazioni meccaniche di autoveicoli
AZIENDA;MONDAL SRL;www.mondal.it;10;;1812;Altra stampa
AZIENDA;MONDIALTRANS SRL;www.trasportimondialtrans.com;14;;4941;Trasporto di merci su strada
AZIENDA;MONDO PC SNC;http://www.mondo-pc.it/mondo-pc;;;;
AZIENDA;MORI ANGELO & C.SAS;;2;;432101;Installazione di impianti elettrici in edifici o in altre opere di costruzione (inclusa manutenzione
AZIENDA;MORO & CO.DI GIOVANNI BERTASO;www.moroeco.com;1;;741010;Attività di design di moda e design industriale
AZIENDA;MORO TECNOIMPIANTI DI MORO LORENZO;;2;07/05/2018;432101;Installazione di impianti elettrici in edifici o in altre opere di costruzione (inclusa manutenzione
AZIENDA;MOROTTO RIPARAZIONI;www.marottoriparazioni.it;;;;
AZIENDA;MOS80 S.R.L.;;15;;262000;Fabbricazione di computer e unità periferiche
AZIENDA;MOSCONI GOMME SERVICE SAS;www.mosconigomme.it;8;20/05/2019;452040;Riparazione e sostituzione di pneumatici per autoveicoli
AZIENDA;MOTO FRANCHINI SAS;www.motofranchini.com;;;;
AZIENDA;MOTOMAXI SNC;;2;;;
AZIENDA;MOTOR SERVICE SAS DI CARMINE MUTO & C.;;2;22/05/2019;42202;
AZIENDA;MOTOSCOOTER SERVICE DI TACCONI S.;;;;;
AZIENDA;MOTUS TEAM;;2;;;
AZIENDA;MTA SPA;liuba.ettori@mta.it;694;29/04/2019;293100;Fabbricazione di apparecchiature elettriche ed elettroniche per autoveicoli e loro motori
AZIENDA;MTD SRL;http://www.mtdsrl.it;8;;282999;Fabbricazione di altro materiale meccanico e di altre macchine di impiego generale nca
AZIENDA;MULTILOGISTICS SPA;www.multilogistics.net;109;;;
AZIENDA;MULTISERVICE GB S.R.L;;;;;
AZIENDA;MYMB SRL;www.my-mb.it;8;07/05/2019;620909;Altre attività dei servizi connessi alle tecnologie dell'informatica nca
AZIENDA;MYONE SAS;;8;;;
AZIENDA;MYWORLD ITALIA SRL;www.cashbackworld.com;65;29/04/2019;772209;
AZIENDA;NARDI ELETTRONICA  SRL;www.nardielettronic.com;6;;279009;Fabbricazione di altre apparecchiature elettriche nca
AZIENDA;NAUTICA MARE SRL;www.nauticamare.it;3;20/05/2019;47642;Commercio al dettaglio di natanti e accessori
AZIENDA;NEN SRLS;;;;;
AZIENDA;NEOTECNICA S.R.L.;http://www.neotecnica.eu/;;20/05/2019;6201;Produzione di software non connesso all'edizione
AZIENDA;NETSYSCO SRL;www.netsysco.net;6;28/02/2019;4651;Commercio all'ingrosso di computer, apparecchiature informatiche periferiche e di software
AZIENDA;NETZSCH GERAETEBAU GMBH;www.netzsch-thermal-analysis.com;5;;2651;Fabbricazione di strumenti e apparecchi di misurazione, prova e navigazione (esclusi quelli ottici)
AZIENDA;NEUFRA SPEDIZIONI SRL;www.neufraspedition.de;8;27/05/2019;52291;SPEDIZIONI
AZIENDA;NEW INFORMATICA;newinformatica.it;2;;;
AZIENDA;NEXTFLOW SRLS;www.nextflow.it;;27/05/2019;467429;Commercio all'ingrosso di articoli in ferro e in altri metalli (ferramenta)
AZIENDA;NG SERVIZI S.A.S.;;;;;
AZIENDA;NICOLIS IMPIANTI SRL;www.nicolisimpianti.it;14;;;
AZIENDA;NICOLIS INFORMATICA & SERVIZI SRL;;4;;4741;
AZIENDA;NICOLIS PROJECT S.R.L.;;27;30/05/2016;;
ASSOCIAZIONE;NOI VERONA;www.noiverona.com;3;;949990;Attività di altre organizzazioni associative nca
AZIENDA;NOLEGGIARE SRL;;10;;7711;Noleggio di autovetture ed autoveicoli leggeri
AZIENDA;NORDEST GROUP SRL;www.nordest-group.com;9;;;
AZIENDA;NOVA DITEX SRL;;16;;453101;Commercio all'ingrosso di parti e accessori di autoveicoli
AZIENDA;NOVA SYSTEMS ENGINEERING S.R.L.;http://www.novasystems.it/;;;;
AZIENDA;NOVA SYSTEMS SERVICES S.R.L.;;;;;
AZIENDA;NOVA SYSTEMS SERVICES S.R.L.;;43;15/05/2019;631130;Hosting e fornitura di servizi applicativi (ASP)
AZIENDA;NOVAMIND S.N.C.;www.novamind.it;3;27/05/2019;;
AZIENDA;NPN ELETTRONICA DI MOLINAROLO GIANLUCA;;;;;
AZIENDA;NST AUTOMATION SRLS;;13;18/05/2019;432102;Installazione di impianti elettronici (inclusa manutenzione e riparazione)
AZIENDA;NULLTECH S.R.L.;;2;;620100;Produzione di software non connesso all'edizione
AZIENDA;NUOVA TECNOMOTOR S.R.L.;;;;;
AZIENDA;OA POINT GROUP SRL;www.oapointgroup.it;16;;;
AZIENDA;OFFICE AUTOMATION S.R.L.;www.officeautomation.it;27;;4651;Commercio all'ingrosso di computer, apparecchiature informatiche periferiche e di software
AZIENDA;OFFICINA CAILOTTO SRL;;78;23/05/2019;;
AZIENDA;OFFICINA GELIO GIORGIO SRL;;;20/05/2019;;
AZIENDA;OFFICINA MECCANICA DI AGOSTINI RENATO;;;;45201;
AZIENDA;OFFICINA MECCANICA ELETTRAUTO F.LLI CHESINI C. E  V. SNC;;5;27/05/2019;45201;Riparazioni meccaniche di autoveicoli
AZIENDA;OFFICINA PICCOLI SPA;www.officinepiccoli.it;28;;255;FUCINATURA, IMBUTITURA, STAMPAGGIO E PROFILATURA DEI METALLI  METALLURGIA DELLE POLVERI
AZIENDA;OFFICINA SPONDA SRL;;;;;
AZIENDA;OFFICINA TECNOFRENO SRL;;4;;45201;Riparazioni meccaniche di autoveicoli
AZIENDA;OFFICINA TURCO TIZIANO;info@ttcar.it;;;452010;Riparazioni meccaniche di autoveicoli
AZIENDA;OFFICINA ZANTEDESCHI SNC;;1;;46610;Commercio all'ingrosso di macchine, accessori e utensili agricoli, inclusi i trattori
AZIENDA;OFFICINE BRENNERO S.P.A.;www.officinebrennero.it;130;12/03/2018;451901;Commercio all'ingrosso e al dettaglio di altri autoveicoli
AZIENDA;OLI.TECNICA DI MENINI GIANNI E C.SNC;;6;19/03/2018;9511;Riparazione di computer e periferiche
AZIENDA;OLIP ITALIA S.P.A.;;144;04/05/2018;152010;Fabbricazione di calzature
AZIENDA;OLMA DI DUSI RENATO;;;27/05/2019;282;FABBRICAZIONE DI ALTRE MACCHINE DI IMPIEGO GENERALE
AZIENDA;OMNI SNC DI VENTURI LUCIANO E C.;;2;;;
AZIENDA;OMV MACHINERY SRL;;47;24/05/2019;282920;Fabbricazione di macchine e apparecchi per le industrie chimiche, petrolchimiche e petrolifere (incl
AZIENDA;OPEN-CO SRL;www.openco.it;20;15/05/2019;620909;Altre attività dei servizi connessi alle tecnologie dell'informatica nca
AZIENDA;OPIFICIO DEI SENSI COOPERATIVA SOCIALE ONLUS;www.opificiodeisensi.it;;;;
AZIENDA;ORODENT SRL;www.orodent.com;8;;245400;Fusione di altri metalli non ferrosi
AZIENDA;OROTIG SRL;www.orotig.com;56;06/05/2019;282999;Fabbricazione di altro materiale meccanico e di altre macchine di impiego generale nca
AZIENDA;ORTHOFIX S.R.L.;;;;;
AZIENDA;OSPEDALE P.PEDERZOLI;www.cdcpederzoli.it;650;;;
AZIENDA;OSPEDALIERA UNIVERSITARIA INTEGRATA DI VERONA;;;;;
AZIENDA;PAGIN AUTO S.R.L.;;;;;
AZIENDA;PALUANI SPA;www.paluani.it;;;;
AZIENDA;PANASONIC ELECTRIC WORKS ITALIA SRL;PANASONIC-ELECTRIC.COM;;;;
AZIENDA;PARMALAT S.P.A.;www.parmalat.it;1683;;;
ENTE RELIGIOSO;PARROCCHIA S. MARIA AUSILIATRICE;;;;;
ENTE RELIGIOSO;PARROCCHIA SANTA MARIA IMMACOLATA;www.mariaimmacolataverona.it;;;;
AZIENDA;PASTIFICIO AVESANI;;40;;10730;Produzione di paste alimentari, di cuscus e di prodotti farinacei simili
AZIENDA;PASTIFICIO RANA S.P.A.;www.rana.it;1000;;;
AZIENDA;PAYANINI SRL;www.payanini.com;43;20/05/2019;23701;Segagione e lavorazione delle pietre e del marmo
AZIENDA;PC REWORK;;;;;
AZIENDA;PCSISTEMI SAS;www.pcsistemi.it;3;;9511;Riparazione di computer e periferiche
AZIENDA;PERFORMANCE IN LIGHTING SPA;www.performanceinlighting.com;181;;274009;Fabbricazione di altre apparecchiature per illuminazione
AZIENDA;PERINA GIANCARLO SRL;www.perinagiancarloimpiantielettrici.it;3;;432101;Installazione di impianti elettrici in edifici o in altre opere di costruzione (inclusa manutenzione
AZIENDA;PERLATI MARCELLINO;;;;432102;Installazione di impianti elettronici (inclusa manutenzione e riparazione)
AZIENDA;PEROZENI SRL;www.perozeni.it;74;07/06/2019;256200;Lavori di meccanica generale
AZIENDA;PESENTE SERVICE S.N.C.;;;;;
AZIENDA;PHARMATHEK SRL SOCIETA'UNIPERSONALE;www.pharmathek.com;50;29/04/2019;282209;Fabbricazione di altre macchine e apparecchi di sollevamento e movimentazione
AZIENDA;PHONELAB;;4;18/05/2019;4741;Commercio al dettaglio di computer, unità periferiche, software e attrezzature per ufficio in eserc
AZIENDA;PIANETA LC SRL;www.pianetalc.it;6;;;
ASSOCIAZIONE;PICCOLA FRATERNITA' LESSINIA ONLUS;www.pflessinia.it;15;;879000;Altre strutture di assistenza sociale residenziale
AZIENDA;PICCOLI SERGIO & C. SRL;http://www.piccolisergio.it;;;;
AZIENDA;PIESSE QUADRO S.R.L.;www.piessequadro.com;;;;
AZIENDA;PIKALU SRL;www.athleta.it;3;;;
AZIENDA;PITTAROSSO SPA;www.pittarosso.com;8;;;
AZIENDA;PIVA LUCA;www.pivaluca.com;;;;
AZIENDA;PIZZEGHELLA STEVAN SRL;www.stevanelevatori.it;26;;432901;Installazione, riparazione e manutenzione di ascensori e scale mobili
AZIENDA;PLAY GAMES SNC;;;;932990;Altre attività di intrattenimento e di divertimento nca
AZIENDA;PLUMAKE SRL;http://www.plumake.it/;7;28/01/2016;222909;Fabbricazione di altri articoli in materie plastiche nca
AZIENDA;PLUVITEC S.P.A.;ww.pluvitec.com;;;;
AZIENDA;PNEUSNAUTICA DI A.PEROBELLI & C. SAS;http://www.pneusnautica.com;;;301200;Costruzione di imbarcazioni da diporto e sportive
AZIENDA;POLATO IMPIANTI DI POLATO MASSIMO;www.polatoimpianti.it;6;;;
AZIENDA;POLIFUNGHI S.R.L.;;;;;
AZIENDA;POLYTECH S.R.L.;www.peri-polytech.com;22;;721909;Ricerca e sviluppo sperimentale nel campo delle altre scienze naturali e dell'ingegneria
AZIENDA;POSITIVE S.R.L.;;;;;
AZIENDA;POWER HYDRAULIK SRL;www.powerhydraulik.com;33;;;
AZIENDA;PROFESSIONE ORTOPEDIA SRL;http://www.ortopediaverona.com/;;;;
AZIENDA;PROGETTO.STUDIO - ARCHITETTO TONEL FAUSTO;;;;;
AZIENDA;PROJECT SYSTEM SRL;www.projectsystem.it;9;;;
AZIENDA;PROSYSTEM SRL;www.prosystem-packaging.com;14;;28293;METALMECCANICO
ENTE PUBBLICO;PROVINCIA DI VERONA;;;27/05/2019;;
AZIENDA;PULIMAC SRL;;15;29/04/2019;466999;Commercio all'ingrosso di altre macchine ed attrezzature per l'industria, il commercio e la navigazi
AZIENDA;PUNTO LUCE SERVIZI ELETTRICI DI LUCIO PUSCEDDU;;1;;432101;Installazione di impianti elettrici in edifici o in altre opere di costruzione (inclusa manutenzione
AZIENDA;PURPLE TRASPORTI SRL;http://www.purpletrasporti.it/;;;;
AZIENDA;Q-TEK SRL;http://www.q-tek.it/it/;;13/05/2019;;
AZIENDA;QUADRANTE SERVIZI S.R.L.;;;;;
AZIENDA;QUAIATO RENZO;http://www.floricolturaquaiato.com/;9;;11920;Coltivazione di fiori in colture protette
AZIENDA;QUALITA' CLUB SELECTION SRL;;3;;;
AZIENDA;RAVENHEAT INTERNATIONAL SRL;;8;;2825;Fabbricazione di attrezzature di uso non domestico per la refrigerazione e la ventilazione
AZIENDA;RBR VERONA SRL;www.rbr.vr.it;7;;263029;Fabbricazione di altri apparecchi elettrici ed elettronici per telecomunicazioni
AZIENDA;RCE VERONA SRL;;2;;;
AZIENDA;READY INFORMATION SRL;www.thesocialbreakers.com;;23/05/2019;6312;Portali web
AZIENDA;RED DI DONATELLI NICOLA;;8;16/05/2019;952201;Riparazione di elettrodomestici e di articoli per la casa
AZIENDA;REDORO S.R.L. FRANTOI VENETI;www.redoro.it;12;22/05/2018;463320;Commercio all'ingrosso di oli e grassi alimentari di origine vegetale o animale
AZIENDA;RETTONDINI INGRANAGGI S.N.C.;;;;;
AZIENDA;REWAL S.N.C. DI MILANI E REGGIANI;http://www.rewal.it/;;24/05/2019;432101;Installazione di impianti elettrici in edifici o in altre opere di costruzione (inclusa manutenzione
AZIENDA;RFI RETE FERROVIARIA ITALIANA;;;;;
AZIENDA;RIAM ASCENSORI SRL;www.riam.it;;;;
AZIENDA;RIELLO SPA;www.riellogroup.com;807;;;METALMECCANICO
AZIENDA;RIGHETTI RIDOLFI SPA;www.righettiridolfi.com;26;27/05/2019;25999;Fabbricazione di altri articoli metallici e minuteria metallica
AZIENDA;RIGO SRL;www.rigoelettroimpianti.it;6;09/05/2019;432101;Installazione di impianti elettrici in edifici o in altre opere di costruzione (inclusa manutenzione
AZIENDA;RINALDI SIDERURGICA SRL;;15;15/05/2019;;
AZIENDA;RISTORANTE GIRASOLE;;;;;
AZIENDA;RIZZI TECNOLOGIE DI RIZZI FLAVIO;;;16/05/2019;432101;Installazione di impianti elettrici in edifici o in altre opere di costruzione (inclusa manutenzione
AZIENDA;ROBBI GROUP SRL;www.robbispa.com;38;09/04/2018;284909;Fabbricazione di altre macchine utensili (incluse parti e accessori) nca
AZIENDA;ROBERTO QUATTRINA SRL;www.robertoquattrina.com;18;;261200;Fabbricazione di schede elettroniche assemblate
AZIENDA;ROBIT SAS DI BOVO MAURIZIO & C.;www.robit.com;;27/05/2019;;
AZIENDA;RONCA 1862 SRL;www.roncastyle.it;27;;4771;Commercio al dettaglio di articoli di abbigliamento in esercizi specializzati
AZIENDA;ROSSETTO TRADE SPA;http://rossettogroup.it/;;18/12/2015;471120;Supermercati
AZIENDA;RPN IMPIANTI SNC;;3;;;
AZIENDA;RPS S.P.A.;;;;;
AZIENDA;RTC SPA;www.rtc-spa.it;47;08/10/2018;9511;Riparazione di computer e periferiche
AZIENDA;RZ IMPIANTI DI RENATO ZAMBONI;;;;432101;Installazione di impianti elettrici in edifici o in altre opere di costruzione (inclusa manutenzione
AZIENDA;S C SISTEMI DI CASSA SRL;www.scsistemi.net;14;15/06/2019;4666;Commercio all'ingrosso di altre macchine e attrezzature per ufficio
AZIENDA;S.C.S. SURVEY CAD SYSTEM SRL;;;;;
AZIENDA;S.E.D.I.T. S.R.L;;6;;;
AZIENDA;S.G. S.R.L.;www.sgsrl.net;;;;
AZIENDA;S.T.A.C.OL. SAS;;6;;;
AZIENDA;S4WEB DI SCIMEMI A. E ZANETTI L. SNC;www.solution4web.it;2;;620200;Consulenza nel settore delle tecnologie dell'informatica
AZIENDA;SAELETTRICA SRL;www.saelettrica.com;;;712010;Collaudi e analisi tecniche di prodotti
AZIENDA;SAIE S.R.L. OLD;www.saiesrl.it;;;;
AZIENDA;SAVI SRL;www.savialimentare.it;8;;103900;Lavorazione e conservazione di frutta e di ortaggi (esclusi i succhi di frutta e di ortaggi)
AZIENDA;SAVINO DEL BENE SPA;www.savinodelbene.com;660;;522910;Spedizionieri e agenzie di operazioni doganali
AZIENDA;SAVOIA VALENTINO STUDIO DI INGEGNERIA;;0;;;
AZIENDA;SC NOUMAX S.R.L.;www.noumax.ro;;;;
AZIENDA;SCALIGERA ARREDAMENTI S.R.L.;www.scaligeraarredamenti.com;3;;;
AZIENDA;SCALIGERA GUARNIZIONI S.R.L.;;;;;
AZIENDA;SCATTOLINI SPA;www.scattolini.it;206;16/05/2019;292000;Fabbricazione di carrozzerie per autoveicoli, rimorchi e semirimorchi
AZIENDA;SCHENKER ITALIANA SPA;;1200;;522910;Spedizionieri e agenzie di operazioni doganali
AZIENDA;SCHIANCHI CESARE- ELETTRODOMESTICI RADIO;;;;;
AZIENDA;SEGESTA GESTIONI S.R.L;;;;873000;ASSISTENZA ANZIANI
AZIENDA;SELENE LIBRI S.R.L. LIBRACCIO;;6;;476100;Commercio al dettaglio di libri nuovi in esercizi specializzati
AZIENDA;SELVA SRL;www.selva.com;39;;310910;Fabbricazione di mobili per arredo domestico
AZIENDA;SELVATRANSPORT SRL;www.selvatransport.it;109;;;
AZIENDA;SEMENZIN  AUTOTRASPORTI SRL;www.semenzintrasporti.com;12;;4941;Trasporto di merci su strada
AZIENDA;SEMPRE VERDE SNC DI PIAZZI ANTONIO E FILIPPO;;;;383166;
AZIENDA;SERGIO GIOLITTO;;;24/11/2016;;
AZIENDA;SERGIO GRASSO SRL;www.segiograsso.it;24;10/05/2018;152010;Fabbricazione di calzature
AZIENDA;SERVICE MED SPA;www.servicemed.it;105;;46463;
AZIENDA;SERVIZI AGRICOLI INFORMATIZZATI;;7;13/05/2019;63111;Elaborazione dati
AZIENDA;SETECNA S.R.L.;http://www.setecna.it/;2;;;
AZIENDA;SHARE DISTRIBUZIONE S.R.L.;www.shared.it;;;;
AZIENDA;SHOPSI  S.R.L. SOCIO UNICO;;;;;
AZIENDA;SIA SRL;www.siavr.it;37;18/05/2019;6201;Produzione di software non connesso all'edizione
AZIENDA;SICURPLANET SRL;www.sicurplanet.com;12;;4321;Installazione di impianti elettrici
AZIENDA;SIDERGAS SPA;WWW.SIDERGAS.COM;70;;2434;Trafilatura a freddo
AZIENDA;SIGNORETTO GROUP S.N.C.;WWW.SIGNORETTOGROUP.IT;3;;;
AZIENDA;SIMECC SRL;;13;;;
AZIENDA;SINAI SRL;www.sinai.it;3;27/05/2019;332003;Installazione di strumenti ed apparecchi di misurazione, controllo, prova, navigazione e simili (inc
AZIENDA;SINAPSI SAS DI RECCHIA MIRCO & C;www.sinapsisas.it;;;;
AZIENDA;SINECTRA S.R.L.;;64;;432101;Installazione di impianti elettrici in edifici o in altre opere di costruzione (inclusa manutenzione
AZIENDA;SIPRO S.R.L.;http://www.sipro.vr.it/web/index.html;36;;332003;Installazione di strumenti ed apparecchi di misurazione, controllo, prova, navigazione e simili (inc
AZIENDA;SISTEMI INTEGRATI PER LO SPORT S.S.D.R.L.;;;;;
AZIENDA;SITEM S.R.L.;www.sitemautomazione.com;;18/05/2019;6201;Produzione di software non connesso all'edizione
AZIENDA;SIVA S.A.S.;www.siva2000.it;;;;
AZIENDA;SLAM LAVORI AEREI SRL;www.slamair.eu;17;;;
AZIENDA;SMART SOLUTIONS SRL;www.riphone.it;4;23/05/2019;4742;Commercio al dettaglio di apparecchiature per le telecomunicazioni e la telefonia in esercizi specia
AZIENDA;SMILENET SRL;https://www.smilenet.it/;8;;741021;Attività dei disegnatori grafici di pagine web
AZIENDA;SMS WELDING.IT;;;;;
AZIENDA;SMURFIT KAPPA SPA;www.smurfitkappa.it;;27/05/2019;172100;Fabbricazione di carta e cartone ondulato e di imballaggi di carta e cartone (esclusi quelli in cart
ASSOCIAZIONE;SOCIETA' HELLAS VERONA F.C. SPA;www.hellasverona.it;30;03/05/2018;931200;Attività di club sportivi
AZIENDA;SOVEMA  GROUP S.P.A.;http://www.sovema.it/;;;;
AZIENDA;SOVERE SPA;http://www.sovere.it/home.asp;;;;
AZIENDA;SP TRANS SRL;;;;;
AZIENDA;SPERI MASSIMO E ROSSANO S.N.C.;www.autofficinasperi.it;;;;
AZIENDA;SPORTLER;www.my.spoter.com;16;;477110;Commercio al dettaglio di confezioni per adulti
AZIENDA;STAMPERIA DI ALOISI & GALVANI SRL;;;;;
AZIENDA;START WEB DI MATTEO CANDIO;www.start-web.it;;;6201;Produzione di software non connesso all'edizione
AZIENDA;STEEL & GRAPHICS SRL;www.steelgraphics.com.br/it;7;09/01/2018;6201;Produzione di software non connesso all'edizione
AZIENDA;STEGAGNO INDUSTRIALE S.P.A.;www.stegagnospa.it;;;;
AZIENDA;STI  SPA;;73;29/03/2018;494100;Trasporto di merci su strada
AZIENDA;STM PRODUCTS S.R.L.;http://www.stm-products.com/it/;;16/05/2019;;
AZIENDA;STORTI S.P.A.;http://storti.com/it/;;;;
AZIENDA;STT SERVICE TELEMATICI TELEFONICI SRL;www.ospedaleuniverona.it;91;20/05/2019;432909;Altri lavori di costruzione e installazione nca
AZIENDA;STUDIO 3/98 DI DUFFINI CLAUDIO & C. S.N.C.;;;;;
AZIENDA;STUDIO BUTTAPIETRA SAS;;1;;683100;Attività di mediazione immobiliare
AZIENDA;STUDIO DENTISTICO DR LANZAFAME;;;22/05/2019;;
AZIENDA;STUDIO GRAPHICS DESIGNER;www.studiographicsdesigner.it;1;;;
AZIENDA;STUDIO PROTECNO SRL;www.studioprotecno.it;14;;;
SCUOLA;STUDIO RAG.PAOLO VALLICELLA;;1;;692012;STUDIO COMMERCIALISTA
AZIENDA;STUDIO SOLUZIONI IT DI CASSINI LUCA;;0;;;
AZIENDA;STUDIUM GROUP SRL;www.studium.it;70;;829999;Altri servizi di sostegno alle imprese nca
AZIENDA;STULZ SPA;www.stulz.it;218;;282500;Fabbricazione di attrezzature di uso non domestico per la refrigerazione e la ventilazione  fabbrica
AZIENDA;STV STUDIO ASSOCIATO;www.stzstudio.it;2;;;
AZIENDA;SUNSET MOTORCYCLES DI BUTTURINI ROBERTO;;;07/05/2019;;
AZIENDA;SUPERMERCATI GRISI S.R.L.;;114;;47112;Supermercati
AZIENDA;SUPERMERCATI MARTINELLI SRL;www.martinellisupermercati.it;;;471120;Supermercati
AZIENDA;SYATEC SRL;www.syatec.it;7;13/05/2019;2712;Fabbricazione di apparecchiature per le reti di distribuzione e il controllo dell'elettricità
AZIENDA;SYNETHIK ENGINEERING SRL;;2;27/02/2018;7112;
AZIENDA;T.G. CAR SRL;;8;;45201;Riparazioni meccaniche di autoveicoli
AZIENDA;TABACCHERIA CARTOLIBRERIA VESENTINI SUSANNA;;;;;
AZIENDA;TABARRINI RIMORCHI S.R.L.;;;;;
AZIENDA;TAEDA COMMUNICATION S.R.L.S.;www.tatacommunications.com;;;;
AZIENDA;TB DI BOMPIERI TIZIANO;;;27/05/2019;25993;Fabbricazione di oggetti in ferro, in rame ed altri metalli
AZIENDA;TECH ASSIST. SRLS;www.tech-assist.it;2;23/05/2019;9511;Riparazione di computer e periferiche
AZIENDA;TECH.PA. SPA;www.techpaspa.com;30;;2733;Fabbricazione di attrezzature per cablaggio
AZIENDA;TECMAUT S.R.L.;http://www.tecmaut.it/;16;07/05/2018;28;
AZIENDA;TECNAUTO DI FASOLI FLAMINIO;;1;;452010;Riparazioni meccaniche di autoveicoli
AZIENDA;TECNEL VD S.N.C.;www.tecnelvd.it;;;432101;Installazione di impianti elettrici in edifici o in altre opere di costruzione (inclusa manutenzione
AZIENDA;TECNICA ELETTRONICA S.P.A;;30;09/05/2019;272;FABBRICAZIONE DI BATTERIE DI PILE ED ACCUMULATORI ELETTRICI
AZIENDA;TECNICA INFORMATICA DI DORELLA PAOLO;www.dorella.com;2;05/04/2017;465100;Commercio all'ingrosso di computer, apparecchiature informatiche periferiche e di software
AZIENDA;TECNO P.A. SRL;www.tecno-pa.it;5;;432101;Installazione di impianti elettrici in edifici o in altre opere di costruzione (inclusa manutenzione
AZIENDA;TECNO SERVICE VERDARI;;;12/01/2019;;
AZIENDA;TECNODUE S.N.C.;;5;;;
AZIENDA;TECNOLOGIE SRL;www.computerverona.it;1;20/05/2019;9511;Riparazione di computer e periferiche
AZIENDA;TECNOLUCE DI ALTIERI RICCARDO E C. SNC;http://www.tecnolucevr.it/;;;;
AZIENDA;TECNOLUX SRL;www.tecnolux-italia.it;40;01/12/2017;282;FABBRICAZIONE DI ALTRE MACCHINE DI IMPIEGO GENERALE
AZIENDA;TECNORULLI S.R.L.;http://www.tecnorulli.com/;;20/11/2015;;
AZIENDA;TECNOSERVICE SRL;www.tecnoservicesrl.info;104;27/12/2018;52291;Spedizionieri e agenzie di operazioni doganali
AZIENDA;TECNOVAP S.R.L.;http://www.tecnovap.it/;;;275100;Fabbricazione di elettrodomestici
AZIENDA;TEK SERVICE S.R.L.;;9;08/05/2018;620100;Produzione di software non connesso all'edizione
AZIENDA;TEKNO UNO S.R.L.;www.teknouno.it;;;;
COOPERATIVA;TEKNOPLANET SOC. COOP.;http://www.teknoplanet.eu/;;;;
AZIENDA;TELAROSA S.R.L.;;;;;
AZIENDA;TELEFIN SPA;www.telefin.it;56;26/03/2019;263029;Fabbricazione di altri apparecchi elettrici ed elettronici per telecomunicazioni
AZIENDA;TELEPHONE HOUSE SNC;;2;;;
AZIENDA;TELEPOINT SNC;;;;;
AZIENDA;TEODORO SRL;www.teodorocostruzioni.it;;;;
AZIENDA;TERMINALI ITALIA S.R.L. FF.SS;www.terminaliitalia.it;;29/04/2019;;
AZIENDA;TERMOSANITARIA PASINATO SRL;www.pasinstogroup.it;58;07/05/2019;432201;Installazione di impianti idraulici, di riscaldamento e di condizionamento dell'aria (inclusa manute
AZIENDA;TERRANOVA SRL;www.terranovasoftware.eu;;27/05/2019;266002;Fabbricazione di apparecchi elettromedicali (incluse parti staccate e accessori)
AZIENDA;TERRATRANS ITALIA S.R.L.;http://www.terratrans.de/english/trucking-service;;;;
AZIENDA;TESI ELETTRONICA SRL;www.tesi elettronica.it;14;04/04/2019;2612;Fabbricazione di schede elettroniche assemblate
AZIENDA;TH. KOHL S.R.L.;www.thkohl.it;65;;310121;Fabbricazione di altri mobili metallici per ufficio e negozi
AZIENDA;TIME SYSTEM COSTRUZIONI ELETTRICHE SNC;;11;30/05/2019;432101;Installazione di impianti elettrici in edifici o in altre opere di costruzione (inclusa manutenzione
AZIENDA;TIRAPELLE TRASPORTI SRL;http://www.tirapelle.it/;;16/02/2016;;
AZIENDA;TMB SRL;www.tmbvacuum.com;27;10/05/2019;282999;Fabbricazione di altro materiale meccanico e di altre macchine di impiego generale nca
AZIENDA;TOLA & C. SRL;;;27/05/2019;432101;Installazione di impianti elettrici in edifici o in altre opere di costruzione (inclusa manutenzione
AZIENDA;TOMELINI MULTSERVICE SRL;www.tomultiservice.it;9;;;
AZIENDA;TOR MEC AMBROSI S.R.L.;www.tormec.com;44;15/05/2019;2562;Lavori di meccanica generale
AZIENDA;TORNERIA MECCANICA RONCONI GIUSEPPE;;8;;2562;METALMECCANICA
AZIENDA;TORNERIA TOSI SRL;http://www.torneriatosi.it/ita/servizi.php;;19/11/2015;;
AZIENDA;TOSCOVENETA IMPIANTI SNC DI ROMAGNOLI;info@toscaveneta.it;9;;432101;
AZIENDA;TRACONF SRL;www.traconf.it;166;09/04/2018;522922;Servizi logistici relativi alla distribuzione delle merci
AZIENDA;TREEMME DI MARCHIORI L. & C.;;;10/02/2016;;
AZIENDA;TRENITALIA SPA;;;;491000;Trasporto ferroviario di passeggeri (interurbano)
AZIENDA;TRILANCE S.R.L.;www.trilance.com;;;;
AZIENDA;TRIPLA C SRL;www.triplac.it;15;;412;
AZIENDA;TURCO FEDERICO OFF.MECC RIPARAZIONI;;1;07/06/2019;452010;Riparazioni meccaniche di autoveicoli
AZIENDA;TWIN GROUP;;10;13/06/2018;;
AZIENDA;TX LOGISTIK AG;;51;30/05/2019;;
AZIENDA;UCICAR S.N.C. DI RINCO A. & C.;www.ucicar.com;4;27/05/2019;45201;Riparazioni meccaniche di autoveicoli
AZIENDA;ULTRASTUDIO;htt://ultrastudio.pro;1;;742019;
AZIENDA;UMANA SPA;www.umana.it;741;;782000;Attività delle agenzie di fornitura di lavoro temporaneo (interinale)
AZIENDA;UNDERSCORE SOAVE COMPUTER DI DEMIS NAPOLI;http://www.underscore.computer/;1;13/05/2019;9511;Riparazione di computer e periferiche
AZIENDA;UNIGRAF S.R.L.;www.unigrafonline.it;;;;
AZIENDA;UNIMEC SRL;;10;07/05/2019;282999;Fabbricazione di altro materiale meccanico e di altre macchine di impiego generale nca
UNIVERSITÀ;UNIVERSITA' DEGLI STUDI DI VERONA;www.di.univr.it;40;;8542;
AZIENDA;UNIVERSITA' DEL TEMPO LIBERO DI NEGRAR (UTL);www.utlnegrar.com;;;;
ENTE PUBBLICO;UNIVR DIREZIONE O.S.I.;www.univr.it;;;;
AZIENDA;USI ITALIA SRL;www.usiitalia.com;61;;292110;INDUSTRIA MELALMECCANICA
AZIENDA;USR VENETO-UAT VII VERONA;www.istruzioneverona.it;;;;
AZIENDA;UTECO CONVERTING S.P.A.;http://www.uteco.com/ita/;293;10/05/2018;;
AZIENDA;V.G.V. SRL;www.vgvsrl.com;60;;46741;COMMERCIO
AZIENDA;VALBUSA TECNOELETTRICA S.N.C. DI VALBUSA DARIO & C.;;;;432101;Installazione di impianti elettrici in edifici o in altre opere di costruzione (inclusa manutenzione
AZIENDA;VALDOTECH S.A.S.;www.valdotech.com;3;20/05/2019;;
AZIENDA;VALIANTEC S.R.L.;www.valiantec.com;;18/05/2018;2651;Fabbricazione di strumenti e apparecchi di misurazione, prova e navigazione (esclusi quelli ottici)
AZIENDA;VALUE TRANSFORMATION SERVICE;;;20/05/2019;;
AZIENDA;VECOMP SOFTWARE S.R.L.;www.vecompsoftware.it;26;;;
AZIENDA;VERONA CLIMB S.R.L.;www.kingrock.it;;;;
AZIENDA;VERONA DENTAL MAGAZINE SRL;;2;;;
AZIENDA;VERONA LAMIERE S.P.A.;;;;;
AZIENDA;VERONA REV SRL;;1;02/05/2019;712021;Controllo di qualità e certificazione di prodotti, processi e sistemi
AZIENDA;VERONA SALDATURA S.N.C.;www.veronasaldatura.it;;;;
AZIENDA;VERONESI HOLDING SPA;www.aiafood.com/it;77;03/04/2018;109100;Produzione di mangimi per l'alimentazione degli animali da allevamento
AZIENDA;VESTINVOGA SRL;www.vestinvoga.com;18;;14131;Confezione in serie di abbigliamento esterno
AZIENDA;VETRAUTO SRL;;29;;453101;Commercio all'ingrosso di parti e accessori di autoveicoli
AZIENDA;VETRERIA BELLOMI SAS;;10;;2312;Lavorazione e trasformazione del vetro piano
AZIENDA;VETRERIA DO.LA.KA. S.R.L.;;;;;
AZIENDA;VI.BE.MAC. S.P.A.;;;23/05/2019;;
AZIENDA;VICENTINI SPA;http://www.vicentini.it/ita/;;20/05/2019;;
AZIENDA;VIERRE SISTEM SRL;www.vierresistem.it;3;;;
AZIENDA;VIESSMANN S.R.L.;;;;;
AZIENDA;VIGNOLA IMPIANTI TECNOLOGICI S.R.L.;;;;;
AZIENDA;VILLAFRUT SRL;www.villafrut.it;67;15/05/2019;;
AZIENDA;VIP MOTORCYCLES SRL;www.hd-verona.it;10;;;
AZIENDA;VIP SOLAR;www.vipsolar.it;;24/06/2019;;
AZIENDA;VIRTUAL LAND SRL;www.virtual-land.eu;;27/05/2019;631119;Altre elaborazioni elettroniche di dati
AZIENDA;VIVIANI SRL;;;;;COMMERCIO PRODOTTI ITTICI
AZIENDA;VM RACING;www.vmracing.it;;20/05/2019;;
AZIENDA;VOLLMER WERKE MASCHINENFABRIK;www.vollmer-group.com;;;;
AZIENDA;VOLVO ITALIA S.P.A.;www.volvo.com;;;;
AZIENDA;VR FREDDO SRL;;;20/05/2019;52011;
AZIENDA;VUESSE S.R.L.;www.vuessecasseforti.it;9;09/10/2017;;
AZIENDA;VULCANIA SYSTEM SRL;www.vulcaniasystem.it;3;;6201;
AZIENDA;VUORMAR PACKAGING SRL;www.vuormar.it;13;;282910;Fabbricazione di bilance e di macchine automatiche per la vendita e la distribuzione (incluse parti 
AZIENDA;WELLTECH SYSTEMS SRL;www.welltech.it;;;;
AZIENDA;WINTRADE SRL;www.wintrade.it;15;;6201;COMMERCIO
AZIENDA;W-T-S  SRL;;12;;494100;AUTOTRASPRTI MERCI SU STRADA
AZIENDA;YASHI ITALIA SRL;www.yashiweb.com;11;;262000;
AZIENDA;YUOR TRAINERS GROUP;http://www.yourtrainersgroup.it;;;;
AZIENDA;ZAMBONI TRANSERVICE SRL;www.zambonitranservice.it;45;;49410;Trasporto di merci su strada
AZIENDA;ZAMPINI GIUSEPPE SNC DI ZAMPINI CLAUDIO E F.LLI;;8;;47192;Commercio al dettaglio in esercizi non specializzati di computer, periferiche, attrezzature per le t
AZIENDA;ZANINI IMPIANTI S.N.C.;www.zaniniimpianti.it;;;;
LIBERO PROFESSIONISTA;ZANONI ARCHITETTO PAOLO STUDIO ARCHITETTURA;;;27/05/2019;;
AZIENDA;ZARA ITALIA SRL;www.zara.com/it;4330;;47592;Commercio al dettaglio di utensili per la casa, di cristallerie e vasellame
AZIENDA;ZOPPI WEB SOLUTIONS;www.zoppiniwebsolutions.com;1;;620909;Altre attività dei servizi connessi alle tecnologie dell'informatica nca
AZIENDA;ZUCCHELLI FORNI SPA;http://www.zucchelliforni.it/;;;;
AZIENDA;ZUCCHETTI S.P.A.;www.zucchetti.it;;;;
AZIENDA;ZWOLF SAS DI LAGO KATIA & C.;www.zwolf.it;2;24/05/2019;47991;Commercio al dettaglio di prodotti vari, mediante l'intervento di un dimostratore o di un incaricato
